Epoch,Quantum_Loss,Classical_Loss,Quantum_Accuracy_Pct,Classical_Accuracy_Pct
0,1.5047132404891839,1.5176043550723608,63.33333333333333,32.857142857142854
1,1.501346898022514,1.5148893306632063,,
2,1.4980157095631208,1.5122056533418795,,
3,1.4947193840633664,1.5095530356947204,,
4,1.4914576308136926,1.5069311908250829,,
5,1.488230159495654,1.5043398324088566,,
6,1.4850366802339072,1.5017786747488688,,
7,1.4818769036472066,1.4992474328281988,,
8,1.4787505408983699,1.4967458223623569,,
9,1.4756573037431928,1.4942735598503547,,
10,1.4725969045783331,1.491830362624613,,
11,1.469569056488158,1.489415948899729,,
12,1.4665734732905122,1.4870300378200825,,
13,1.463609869581453,1.4846723495062724,,
14,1.4606779607789335,1.4823426051003847,,
15,1.457777463165389,1.4800405268100794,,
16,1.4549080939293195,1.477765837951495,,
17,1.4520695712057565,1.475518262990972,,
18,1.4492616141157142,1.473297527585595,,
19,1.4464839428045546,1.4711033586225362,,
20,1.443736278479316,1.4689354842572264,65.23809523809524,32.857142857142854
21,1.441018343444977,1.466793633950342,,
22,1.4383298611396826,1.4646775385035946,,
23,1.435670556168921,1.4625869300943721,,
24,1.4330401543386664,1.4605215423091835,,
25,1.4304383826874838,1.4584811101759467,,
26,1.427864969517623,1.4564653701951153,,
27,1.4253196444250715,1.4544740603696504,,
28,1.4228021383286285,1.4525069202338505,,
29,1.4203121834979369,1.4505636908810429,,
30,1.4178495135805695,1.4486441149901497,,
31,1.4154138636280853,1.4467479368511342,,
32,1.4130049701211471,1.4448749023893446,,
33,1.4106225709936544,1.4430247591887697,,
34,1.408266405655934,1.441197256514199,,
35,1.4059362150169794,1.4393921453323264,,
36,1.4036317415057749,1.4376091783317975,,
37,1.4013527290916805,1.4358481099422107,,
38,1.3990989233039306,1.4341086963520946,,
39,1.39687007125022,1.432390695525866,,
40,1.3946659216344228,1.4306938672198142,66.66666666666666,33.80952380952381
41,1.392486224773435,1.4290179729970687,,
42,1.3903307326131609,1.4273627762416365,,
43,1.3881991987436642,1.4257280421714638,,
44,1.3860913784134825,1.4241135378505887,,
45,1.3840070285431385,1.4225190322003582,,
46,1.3819459077378302,1.420944296009765,,
47,1.3799077762993601,1.4193891019448879,,
48,1.3778923962372738,1.417853224557485,,
49,1.375899531279245,1.4163364402927292,,
50,1.3739289468807205,1.4148385274961297,,
51,1.371980410233836,1.4133592664196288,,
52,1.3700536902756097,1.4118984392269207,,
53,1.3681485576954429,1.4104558299979937,,
54,1.3662647849419367,1.4090312247329193,,
55,1.3644021462290323,1.4076244113548968,,
56,1.3625604175414978,1.4062351797125991,,
57,1.3607393766397786,1.4048633215817954,,
58,1.358938803064205,1.4035086306663151,,
59,1.3571584781386128,1.4021709025983327,,
60,1.3553981849733436,1.4008499349380141,72.38095238095238,62.857142857142854
61,1.3536577084676698,1.3995455271725386,,
62,1.3519368353116552,1.3982574807145078,,
63,1.350235353987456,1.3969855988997657,,
64,1.3485530547700832,1.395729686984647,,
65,1.346889729727636,1.3944895521426617,,
66,1.3452451727210275,1.393265003460656,,
67,1.3436191794032095,1.3920558519344401,,
68,1.3420115472179093,1.3908619104639135,,
69,1.34042207539791,1.3896829938477078,,
70,1.3388505649628497,1.3885189187773601,,
71,1.3372968187165974,1.3873695038310228,,
72,1.3357606412441918,1.3862345694667468,,
73,1.3342418389083586,1.3851139380153372,,
74,1.3327402198456209,1.3840074336728023,,
75,1.3312555939620352,1.382914882492418,,
76,1.3297877729285215,1.381836112376407,,
77,1.3283365701758485,1.3807709530672736,,
78,1.3269018008892495,1.37971923613877,,
79,1.3254832820027034,1.37868079498656,,
80,1.324080832192882,1.3776554648185428,72.85714285714285,63.8095238095238
81,1.3226942718727852,1.3766430826448868,,
82,1.3213234231850453,1.3756434872677652,,
83,1.3199681099949665,1.3746565192708309,,
84,1.318628157883252,1.3736820210084175,,
85,1.3173033941384809,1.3727198365944862,,
86,1.3159936477492928,1.371769811891355,,
87,1.3146987493963425,1.3708317944981838,,
88,1.313418531444003,1.3699056337392603,,
89,1.3121528279318369,1.3689911806520783,,
90,1.3109014745658343,1.3680882879752283,,
91,1.3096643087094653,1.3671968101361136,,
92,1.3084411693744917,1.3663166032384977,,
93,1.3072318972116095,1.3654475250498868,,
94,1.3060363345009014,1.3645894349887875,,
95,1.30485432514211,1.3637421941118077,,
96,1.3036857146447396,1.3629056651006355,,
97,1.3025303501180068,1.3620797122489174,,
98,1.301388080260637,1.3612642014490053,,
99,1.3002587553505132,1.3604590001786303,,
100,1.2991422272341975,1.3596639774874648,79.04761904761905,64.76190476190476
101,1.2980383493163243,1.3588790039836192,,
102,1.2969469765488688,1.358103951820063,,
103,1.295867965420306,1.357338694680974,,
104,1.2948011739446692,1.3565831077680421,,
105,1.2937464616505066,1.3558370677867146,,
106,1.2927036895697437,1.355100452932408,,
107,1.2916727202264682,1.354373142876675,,
108,1.290653417625634,1.3536550187533536,,
109,1.2896456472416906,1.3529459631446898,,
110,1.2886492760071533,1.3522458600674452,,
111,1.2876641723011077,1.3515545949589962,,
112,1.2866902059376633,1.3508720546634327,,
113,1.2857272481543605,1.3501981274176542,,
114,1.2847751716005338,1.349532702837481,,
115,1.283833850325634,1.3488756719037756,,
116,1.282903159767523,1.3482269269485783,,
117,1.2819829767407425,1.3475863616412753,,
118,1.281073179424753,1.346953870974792,,
119,1.280173647352161,1.346329351251813,,
120,1.2792842613969357,1.3457127000710447,84.76190476190476,38.57142857142858
121,1.2784049037626066,1.345103816313527,,
122,1.2775354579704685,1.3445026001289697,,
123,1.2766758088477763,1.3439089529221588,,
124,1.2758258425159525,1.3433227773394054,,
125,1.2749854463787889,1.342743977255053,,
126,1.2741545091106778,1.3421724577580438,,
127,1.2733329206448396,1.3416081251385452,,
128,1.2725205721615818,1.3410508868746518,,
129,1.2717173560765678,1.3405006516191438,,
130,1.270923166029127,1.3399573291863258,,
131,1.2701378968705703,1.339420830538936,,
132,1.2693614446525578,1.3388910677751291,,
133,1.2685937066154858,1.3383679541155495,,
134,1.2678345811769178,1.337851403890464,,
135,1.2670839679200454,1.3373413325270078,,
136,1.2663417675822064,1.3368376565364855,,
137,1.2656078820434264,1.3363402935017787,,
138,1.2648822143150256,1.3358491620648343,,
139,1.264164668528263,1.33536418191425,,
140,1.2634551499230282,1.3348852737729386,85.71428571428571,38.57142857142858
141,1.2627535648366028,1.3344123593859,,
142,1.2620598206924543,1.333945361508079,,
143,1.2613738259891012,1.3334842038923238,,
144,1.2606954902890355,1.3330288112774367,,
145,1.2600247242076927,1.3325791093763297,,
146,1.2593614394025017,1.3321350248642687,,
147,1.2587055485619805,1.33169648536723,,
148,1.2580569653949087,1.3312634194503499,,
149,1.2574156046195604,1.330835756606473,,
150,1.256781381953001,1.330413427244813,,
151,1.2561542141004625,1.329996362679706,,
152,1.255534018744772,1.329584495119472,,
153,1.254920714535872,1.3291777576553787,,
154,1.2543142210803926,1.3287760842507097,,
155,1.2537144589313092,1.3283794097299382,,
156,1.253121349577664,1.327987669768,,
157,1.2525348154343705,1.3276008008796756,,
158,1.2519547798320874,1.3272187404090825,,
159,1.251381167007172,1.3268414265192578,,
160,1.2508139020917057,1.3264687981818595,90.47619047619048,67.14285714285714
161,1.2502529111036003,1.3261007951669652,,
162,1.2496981209367752,1.3257373580329814,,
163,1.2491494593514323,1.325378428116649,,
164,1.2486068549643763,1.3250239475231633,,
165,1.2480702372394468,1.3246738591163918,,
166,1.2475395364780122,1.3243281065091963,,
167,1.2470146838095415,1.323986634053866,,
168,1.2464956111822707,1.3236493868326407,,
169,1.245982251353934,1.3233163106483572,,
170,1.2454745378825842,1.3229873520151738,,
171,1.2449724051174915,1.3226624581494208,,
172,1.24447578819012,1.3223415769605378,,
173,1.2439846230051934,1.3220246570421164,,
174,1.2434988462318317,1.3217116476630515,,
175,1.243018395294777,1.3214024987587805,,
176,1.2425432083656913,1.321097160922631,,
177,1.242073224354549,1.3207955853972673,,
178,1.241608382901096,1.3204977240662337,,
179,1.2411486243663936,1.320203529445595,,
180,1.2406938898244537,1.3199129546756825,90.47619047619048,39.523809523809526
181,1.240244121053938,1.319625953512923,,
182,1.239799260529952,1.31934248032178,,
183,1.239359251415903,1.3190624900667807,,
184,1.2389240375554622,1.3187859383046392,,
185,1.2384935634645822,1.3185127811764752,,
186,1.2380677743236053,1.3182429754001324,,
187,1.2376466159694517,1.3179764782625751,,
188,1.2372300348878904,1.317713247612394,,
189,1.2368179782058701,1.3174532418523905,,
190,1.2364103936839543,1.3171964199322608,,
191,1.2360072297088183,1.316942741341362,,
192,1.2356084352858239,1.3166921661015736,,
193,1.2352139600316767,1.3164446547602446,,
194,1.2348237541671625,1.3162001683832305,,
195,1.2344377685099501,1.3159586685480107,,
196,1.2340559544674783,1.3157201173369013,,
197,1.2336782640299213,1.3154844773303478,,
198,1.2333046497632143,1.3152517116003002,,
199,1.2329350648021773,1.3150217837036773,,
200,1.232569462843684,1.3147946576759104,90.95238095238095,68.0952380952381
201,1.2322077981399373,1.314570298024567,,
202,1.2318500254917901,1.314348669723062,,
203,1.2314961002421534,1.3141297382044437,,
204,1.2311459782694714,1.3139134693552625,,
205,1.2307996159812786,1.313699829509515,,
206,1.230456970307808,1.3134887854426682,,
207,1.2301179986956923,1.3132803043657637,,
208,1.2297826591017242,1.3130743539195908,,
209,1.229450909986681,1.3128709021689449,,
210,1.2291227103092353,1.312669917596949,,
211,1.2287980195199157,1.312471369099462,,
212,1.2284767975551478,1.3122752259795463,,
213,1.2281590048313622,1.3120814579420201,,
214,1.2278446022391631,1.3118900350880716,,
215,1.227533551137566,1.3117009279099527,,
216,1.2272258133483052,1.3115141072857308,,
217,1.2269213511502062,1.3113295444741238,,
218,1.2266201272736135,1.3111472111093914,,
219,1.2263221048948934,1.310967079196301,,
220,1.2260272476310012,1.3107891211051548,91.9047619047619,67.61904761904762
221,1.2257355195341013,1.3106133095668908,,
222,1.225446885086255,1.3104396176682362,,
223,1.2251613091941769,1.3102680188469433,,
224,1.2248787571840434,1.3100984868870698,,
225,1.2245991947963628,1.3099309959143337,,
226,1.2243225881809159,1.309765520391528,,
227,1.2240489038917373,1.309602035113994,,
228,1.2237781088821817,1.3094405152051616,,
229,1.2235101705000186,1.3092809361121396,,
230,1.2232450564826158,1.3091232736013738,,
231,1.2229827349521536,1.308967503754358,,
232,1.2227231744109128,1.308813602963408,,
233,1.2224663437366128,1.3086615479274857,,
234,1.2222122121778063,1.3085113156480863,,
235,1.2219607493493279,1.3083628834251742,,
236,1.2217119252278021,1.3082162288531831,,
237,1.221465710147195,1.3080713298170579,,
238,1.2212220747944353,1.3079281644883616,,
239,1.2209809902050666,1.307786711321426,,
240,1.2207424277589798,1.3076469490495617,91.9047619047619,39.04761904761905
241,1.2205063591761685,1.3075088566813156,,
242,1.2202727565125593,1.3073724134967784,,
243,1.2200415921558723,1.3072375990439458,,
244,1.219812838821554,1.307104393135128,,
245,1.2195864695487388,1.3069727758433989,,
246,1.219362457696274,1.306842727499114,,
247,1.2191407769387839,1.3067142286864557,,
248,1.218921401262791,1.306587260240034,,
249,1.2187043049628759,1.3064618032415365,,
250,1.218489462637894,1.306337839016417,,
251,1.2182768491872193,1.306215349130633,,
252,1.2180664398070664,1.3060943153874283,,
253,1.217858209986829,1.3059747198241634,,
254,1.2176521355054686,1.3058565447091743,,
255,1.2174481924279632,1.3057397725386939,,
256,1.2172463571017849,1.3056243860338002,,
257,1.2170466061534204,1.305510368137417,,
258,1.2168489164849519,1.305397702011344,,
259,1.2166532652706505,1.3052863710333422,,
260,1.2164596299536437,1.305176358794244,91.9047619047619,67.61904761904762
261,1.2162679882426064,1.3050676490951123,,
262,1.2160783181084858,1.304960225944442,,
263,1.215890597781292,1.3048540735553844,,
264,1.2157048057469029,1.304749176343024,,
265,1.2155209207439277,1.3046455189216903,,
266,1.2153389217605892,1.3045430861023,,
267,1.2151587880316723,1.3044418628897412,,
268,1.214980499035483,1.3043418344802913,,
269,1.21480403449086,1.3042429862590719,,
270,1.2146293743542247,1.3041453037975372,,
271,1.2144564988166635,1.304048772850995,,
272,1.214285388301043,1.3039533793561688,,
273,1.2141160234591708,1.3038591094287808,,
274,1.2139483851689805,1.3037659493611853,,
275,1.2137824545317633,1.3036738856200145,,
276,1.2136182128694275,1.3035829048438745,,
277,1.213455641721791,1.3034929938410638,,
278,1.2132947228439142,1.3034041395873195,,
279,1.2131354382034578,1.3033163292236083,,
280,1.212977769978085,1.30322955005393,92.38095238095238,39.04761904761905
281,1.2128217005528796,1.303143789543164,,
282,1.212667212517819,1.303059035314945,,
283,1.2125142886652538,1.302975275149556,,
284,1.212362911987441,1.3028924969818672,,
285,1.2122130656740944,1.302810688899285,,
286,1.2120647331099705,1.3027298391397457,,
287,1.211917897872486,1.3026499360897266,,
288,1.2117725437293625,1.3025709682822855,,
289,1.2116286546363002,1.3024929243951309,,
290,1.2114862147346852,1.3024157932487157,,
291,1.2113452083493221,1.3023395638043562,,
292,1.2112056199861971,1.3022642251623793,,
293,1.211067434330263,1.3021897665602942,,
294,1.2109306362432652,1.3021161773709873,,
295,1.2107952107615827,1.3020434471009459,,
296,1.2106611430940974,1.3019715653884996,,
297,1.2105284186200986,1.3019005220020918,,
298,1.2103970228872085,1.3018303068385764,,
299,1.2102669416093308,1.3017609099215257,,
300,1.210138160664629,1.301692321399576,92.38095238095238,39.04761904761905
301,1.2100106660935332,1.301624531544789,,
302,1.2098844440967622,1.301557530751034,,
303,1.209759481033385,1.3014913095323943,,
304,1.2096357634188861,1.3014258585215963,,
305,1.20951327792328,1.3013611684684585,,
306,1.2093920113692298,1.3012972302383625,,
307,1.2092719507301979,1.3012340348107447,,
308,1.209153083128617,1.301171573277604,,
309,1.2090353958340911,1.301109836842041,,
310,1.208918876261606,1.3010488168168053,,
311,1.2088035119697746,1.3009885046228689,,
312,1.2086892906591027,1.3009288917880146,,
313,1.2085762001702667,1.300869969945452,,
314,1.208464228482424,1.3008117308324427,,
315,1.2083533637115413,1.300754166288947,,
316,1.2082435941087417,1.3006972682562925,,
317,1.2081349080586734,1.3006410287758599,,
318,1.2080272940779013,1.300585439987781,,
319,1.2079207408133181,1.3005304941296598,,
320,1.2078152370405715,1.3004761835353118,92.38095238095238,39.04761904761905
321,1.2077107716625155,1.3004225006335166,,
322,1.2076073337076816,1.3003694379467867,,
323,1.207504912328766,1.3003169880901582,,
324,1.207403496801136,1.3002651437699944,,
325,1.2073030765213566,1.3002138977828017,,
326,1.2072036410057403,1.3001632430140744,,
327,1.2071051798889036,1.3001131724371378,,
328,1.2070076829223502,1.3000636791120181,,
329,1.2069111399730745,1.3000147561843296,,
330,1.206815541022171,1.2999663968841648,,
331,1.206720876163475,1.2999185945250127,,
332,1.206627135602207,1.2998713425026838,,
333,1.20653430965365,1.2998246342942494,,
334,1.2064423887418225,1.2997784634570018,,
335,1.20635136339819,1.2997328236274206,,
336,1.2062612242603779,1.2996877085201588,,
337,1.2061719620709028,1.2996431119270382,,
338,1.2060835676759267,1.2995990277160616,,
339,1.2059960320240184,1.2995554498304354,,
340,1.2059093461649422,1.299512372287609,92.38095238095238,39.04761904761905
341,1.2058235012484342,1.2994697891783213,,
342,1.2057384885230384,1.2994276946656669,,
343,1.2056542993349113,1.2993860829841692,,
344,1.205570925126677,1.2993449484388706,,
345,1.2054883574362711,1.2993042854044285,,
346,1.2054065878958193,1.2992640883242301,,
347,1.20532560823051,1.2992243517095168,,
348,1.2052454102575028,1.2991850701385146,,
349,1.205165985884833,1.29914623825559,,
350,1.2050873271103344,1.299107850770397,,
351,1.2050094260205824,1.2990699024570593,,
352,1.2049322747898439,1.2990323881533383,,
353,1.2048558656790367,1.298995302759834,,
354,1.2047801910347133,1.2989586412391836,,
355,1.204705243288048,1.2989223986152738,,
356,1.2046310149538373,1.2988865699724672,,
357,1.2045574986295162,1.2988511504548306,,
358,1.2044846869941876,1.2988161352653853,,
359,1.2044125728076558,1.298781519665356,,
360,1.2043411489094855,1.298747298973436,92.38095238095238,39.523809523809526
361,1.2042704082180562,1.298713468565062,,
362,1.2042003437296425,1.2986800238716958,,
363,1.2041309485174962,1.2986469603801178,,
364,1.2040622157309497,1.2986142736317268,,
365,1.2039941385945163,1.2985819592218544,,
366,1.2039267104070135,1.2985500127990828,,
367,1.2038599245406947,1.2985184300645758,,
368,1.2037937744403875,1.298487206771415,,
369,1.2037282536226506,1.2984563387239485,,
370,1.2036633556749274,1.2984258217771436,,
371,1.2035990742547251,1.2983956518359543,,
372,1.2035354030887977,1.2983658248546923,,
373,1.2034723359723354,1.298336336836404,,
374,1.203409866768169,1.298307183832267,,
375,1.2033479894059818,1.2982783619409755,,
376,1.2032866978815344,1.2982498673081575,,
377,1.2032259862558932,1.2982216961257762,,
378,1.203165848654674,1.298193844631558,,
379,1.2031062792672909,1.2981663091084166,,
380,1.2030472723462198,1.2981390858838888,91.9047619047619,39.523809523809526
381,1.202988822206262,1.2981121713295758,,
382,1.2029309232238259,1.2980855618605955,,
383,1.202873569836215,1.298059253935039,,
384,1.2028167565409178,1.298033244053433,,
385,1.2027604778949186,1.2980075287582111,,
386,1.2027047285140036,1.2979821046331959,,
387,1.2026495030720914,1.2979569683030785,,
388,1.2025947963005506,1.297932116432913,,
389,1.2025406029875467,1.2979075457276137,,
390,1.2024869179773832,1.2978832529314623,,
391,1.2024337361698594,1.2978592348276117,,
392,1.2023810525196261,1.297835488237615,,
393,1.2023288620355597,1.2978120100209396,,
394,1.2022771597801367,1.2977887970744992,,
395,1.2022259408688225,1.2977658463321935,,
396,1.202175200469457,1.2977431547644491,,
397,1.2021249338016615,1.2977207193777618,,
398,1.202075136136237,1.2976985372142584,,
399,1.202025802794588,1.2976766053512505,,
400,1.2019769291481355,1.297654920900805,91.9047619047619,68.0952380952381
401,1.2019285106177517,1.2976334810093095,,
402,1.2018805426731891,1.2976122828570507,,
403,1.2018330208325276,1.2975913236578,,
404,1.2017859406616198,1.2975706006583951,,
405,1.2017392977735484,1.2975501111383352,,
406,1.2016930878280887,1.2975298524093812,,
407,1.2016473065311752,1.2975098218151542,,
408,1.2016019496343782,1.2974900167307448,,
409,1.2015570129343838,1.2974704345623314,,
410,1.2015124922724838,1.2974510727467898,,
411,1.2014683835340663,1.297431928751324,,
412,1.2014246826481165,1.297413000073089,,
413,1.2013813855867284,1.2973942842388257,,
414,1.2013384883646072,1.297375778804497,,
415,1.201295987038591,1.2973574813549322,,
416,1.2012538777071768,1.2973393895034702,,
417,1.2012121565100495,1.2973215008916152,,
418,1.2011708196276123,1.2973038131886847,,
419,1.2011298632805312,1.297286324091478,,
420,1.2010892837292804,1.297269031323936,91.9047619047619,68.0952380952381
421,1.201049077273691,1.29725193263681,,
422,1.201009240252516,1.2972350258073342,,
423,1.2009697690429808,1.2972183086389055,,
424,1.2009306600603582,1.2972017789607597,,
425,1.200891909757541,1.2971854346276608,,
426,1.2008535146246162,1.2971692735195899,,
427,1.2008154711884513,1.2971532935414347,,
428,1.2007777760122773,1.2971374926226922,,
429,1.2007404256952872,1.2971218687171637,,
430,1.20070341687223,1.2971064198026614,,
431,1.2006667462130105,1.29709114388072,,
432,1.2006304104223056,1.2970760389763047,,
433,1.200594406239164,1.297061103137529,,
434,1.2005587304366299,1.2970463344353726,,
435,1.200523379821364,1.2970317309634043,,
436,1.2004883512332654,1.2970172908375115,,
437,1.200453641545104,1.2970030121956264,,
438,1.2004192476621542,1.2969888931974574,,
439,1.2003851665218317,1.296974932024236,,
440,1.2003513950933389,1.2969611268784431,91.9047619047619,68.0952380952381
441,1.2003179303773102,1.2969474759835593,,
442,1.2002847694054661,1.296933977583812,,
443,1.200251909240261,1.2969206299439247,,
444,1.2002193469745557,1.296907431348865,,
445,1.2001870797312653,1.2968943801036066,,
446,1.2001551046630414,1.2968814745328867,,
447,1.2001234189519294,1.296868712980964,,
448,1.2000920198090552,1.2968560938113867,,
449,1.2000609044743007,1.296843615406764,,
450,1.2000300702159818,1.29683127616853,,
451,1.1999995143305417,1.2968190745167194,,
452,1.199969234142238,1.296807008889749,,
453,1.199939227002835,1.296795077744189,,
454,1.1999094902913043,1.296783279554553,,
455,1.1998800214135246,1.2967716128130764,,
456,1.1998508178019842,1.2967600760295064,,
457,1.199821876915493,1.2967486677308928,,
458,1.1997931962388915,1.2967373864613798,,
459,1.1997647732827639,1.2967262307820018,,
460,1.1997366055831578,1.2967151992704808,91.9047619047619,39.523809523809526
461,1.1997086907013093,1.2967042905210269,,
462,1.199681026223359,1.2966935031441404,,
463,1.1996536097600872,1.2966828357664197,,
464,1.1996264389466451,1.2966722870303649,,
465,1.1995995114422808,1.2966618555941936,,
466,1.1995728249300872,1.296651540131646,,
467,1.1995463771167343,1.2966413393318061,,
468,1.1995201657322156,1.296631251898917,,
469,1.1994941885295962,1.2966212765521974,,
470,1.199468443284757,1.296611412025667,,
471,1.1994429277961516,1.2966016570679686,,
472,1.1994176398845584,1.296592010442194,,
473,1.1993925773928418,1.2965824709257119,,
474,1.1993677381857077,1.2965730373099986,,
475,1.199343120149469,1.2965637084004722,,
476,1.1993187211918173,1.296554483016323,,
477,1.1992945392415837,1.2965453599903531,,
478,1.199270572248513,1.2965363381688142,,
479,1.1992468181830378,1.2965274164112441,,
480,1.1992232750360587,1.29651859359032,91.9047619047619,68.0952380952381
481,1.1991999408187182,1.296509868591689,,
482,1.1991768135621854,1.2965012403138256,,
483,1.199153891317444,1.2964927076678712,,
484,1.1991311721550666,1.296484269577491,,
485,1.1991086541650207,1.296475924978722,,
486,1.199086335456447,1.2964676728198297,,
487,1.1990642141574617,1.2964595120611586,,
488,1.1990422884149488,1.2964514416749942,,
489,1.1990205563943597,1.2964434606454203,,
490,1.198999016279516,1.296435567968179,,
491,1.1989776662724092,1.2964277626505372,,
492,1.1989565045930095,1.2964200437111402,,
493,1.1989355294790731,1.2964124101798928,,
494,1.1989147391859516,1.2964048610978134,,
495,1.198894131986403,1.2963973955169112,,
496,1.1988737061704098,1.2963900125000505,,
497,1.1988534600449903,1.296382711120829,,
498,1.1988333919340222,1.2963754904634486,,
499,1.1988135001780575,1.2963683496225902,,
500,1.1987937831341522,1.2963612877032902,91.9047619047619,39.523809523809526
501,1.1987742391756848,1.2963543038208223,,
502,1.1987548666921826,1.2963473971005735,,
503,1.1987356640891609,1.296340566677927,,
504,1.1987166297879364,1.2963338116981438,,
505,1.1986977622254729,1.2963271313162494,,
506,1.1986790598542136,1.2963205246969163,,
507,1.1986605211419112,1.2963139910143529,,
508,1.1986421445714701,1.2963075294521902,,
509,1.19862392864079,1.2963011392033732,,
510,1.1986058718626007,1.29629481947005,,
511,1.1985879727643076,1.2962885694634678,,
512,1.1985702298878405,1.2962823884038615,,
513,1.1985526417894958,1.2962762755203499,,
514,1.1985352070397897,1.2962702300508366,,
515,1.1985179242233026,1.2962642512419,,
516,1.1985007919385402,1.2962583383486987,,
517,1.1984838087977783,1.296252490634867,,
518,1.1984669734269209,1.2962467073724164,,
519,1.1984502844653597,1.2962409878416397,,
520,1.1984337405658319,1.2962353313310153,91.9047619047619,39.523809523809526
521,1.1984173403942788,1.2962297371371074,,
522,1.1984010826297067,1.2962242045644772,,
523,1.198384965964056,1.2962187329255834,,
524,1.198368989102055,1.2962133215406972,,
525,1.1983531507611012,1.2962079697378064,,
526,1.1983374496711146,1.2962026768525288,,
527,1.1983218845744155,1.2961974422280211,,
528,1.1983064542255941,1.2961922652148916,,
529,1.198291157391381,1.2961871451711149,,
530,1.1982759928505213,1.2961820814619456,,
531,1.1982609593936473,1.2961770734598341,,
532,1.1982460558231645,1.2961721205443444,,
533,1.1982312809531148,1.2961672221020648,,
534,1.1982166336090652,1.296162377526537,,
535,1.1982021126279905,1.296157586218169,,
536,1.1981877168581432,1.2961528475841542,,
537,1.1981734451589494,1.2961481610383987,,
538,1.1981592964008885,1.2961435260014353,,
539,1.198145269465375,1.2961389419003568,,
540,1.1981313632446484,1.2961344081687318,91.9047619047619,68.0952380952381
541,1.198117576641665,1.296129924246534,,
542,1.1981039085699827,1.2961254895800676,,
543,1.1980903579536533,1.29612110362189,,
544,1.19807692372711,1.2961167658307473,,
545,1.19806360483507,1.296112475671495,,
546,1.1980504002324208,1.296108232615036,,
547,1.198037308884117,1.2961040361382403,,
548,1.1980243297650786,1.2960998857238852,,
549,1.198011461860086,1.2960957808605809,,
550,1.1979987041636813,1.2960917210427076,,
551,1.1979860556800717,1.296087705770348,,
552,1.1979735154230162,1.2960837345492187,,
553,1.197961082415748,1.2960798068906099,,
554,1.1979487556908603,1.2960759223113176,,
555,1.197936534290219,1.2960720803335801,,
556,1.197924417264868,1.2960682804850199,,
557,1.1979124036749318,1.2960645222985754,,
558,1.197900492589524,1.2960608053124443,,
559,1.1978886830866604,1.2960571290700225,,
560,1.1978769742531572,1.2960534931198422,91.9047619047619,68.0952380952381
561,1.1978653651845557,1.2960498970155157,,
562,1.1978538549850208,1.2960463403156717,,
563,1.1978424427672603,1.2960428225839093,,
564,1.1978311276524367,1.296039343388726,,
565,1.19781990877008,1.2960359023034718,,
566,1.197808785258005,1.2960324989062917,,
567,1.1977977562622235,1.2960291327800673,,
568,1.1977868209368656,1.2960258035123642,,
569,1.197775978444095,1.2960225106953829,,
570,1.197765227954027,1.2960192539258968,,
571,1.1977545686446491,1.296016032805209,,
572,1.1977439997017445,1.296012846939094,,
573,1.1977335203188066,1.2960096959377476,,
574,1.197723129696965,1.2960065794157398,,
575,1.1977128270449116,1.29600349699196,,
576,1.1977026115788172,1.296000448289573,,
577,1.1976924825222612,1.2959974329359631,,
578,1.1976824391061578,1.2959944505626944,,
579,1.197672480568676,1.2959915008054557,,
580,1.1976626061551752,1.2959885833040163,91.9047619047619,68.0952380952381
581,1.1976528151181245,1.2959856977021804,,
582,1.1976431067170379,1.295982843647738,,
583,1.1976334802184008,1.295980020792425,,
584,1.1976239348956002,1.2959772287918723,,
585,1.1976144700288536,1.2959744673055622,,
586,1.197605084905144,1.2959717359967886,,
587,1.1975957788181526,1.2959690345326107,,
588,1.1975865510681885,1.29596636258381,,
589,1.1975774009621216,1.2959637198248464,,
590,1.1975683278133245,1.2959611059338216,,
591,1.197559330941597,1.29595852059243,,
592,1.1975504096731124,1.2959559634859272,,
593,1.1975415633403448,1.2959534343030803,,
594,1.1975327912820144,1.2959509327361327,,
595,1.1975240928430186,1.295948458480765,,
596,1.1975154673743749,1.2959460112360541,,
597,1.1975069142331591,1.2959435907044359,,
598,1.1974984327824412,1.2959411965916654,,
599,1.197490022391236,1.295938828606781,,
600,1.1974816824344294,1.2959364864620662,91.9047619047619,39.523809523809526
601,1.1974734122927355,1.2959341698730127,,
602,1.197465211352626,1.2959318785582854,,
603,1.1974570790062797,1.2959296122396828,,
604,1.1974490146515306,1.295927370642107,,
605,1.197441017691798,1.2959251534935212,,
606,1.1974330875360466,1.2959229605249236,,
607,1.1974252235987195,1.2959207914703064,,
608,1.1974174252996956,1.2959186460666252,,
609,1.1974096920642234,1.2959165240537622,,
610,1.19740202332288,1.2959144251744963,,
611,1.1973944185115064,1.2959123491744706,,
612,1.1973868770711715,1.2959102958021569,,
613,1.197379398448104,1.2959082648088258,,
614,1.1973719820936541,1.2959062559485146,,
615,1.1973646274642344,1.295904268977996,,
616,1.1973573340212775,1.2959023036567472,,
617,1.197350101231182,1.2959003597469207,,
618,1.1973429285652637,1.2958984370133093,,
619,1.1973358154997125,1.2958965352233236,,
620,1.1973287615155384,1.2958946541469556,91.9047619047619,39.523809523809526
621,1.1973217660985271,1.2958927935567537,,
622,1.1973148287391937,1.2958909532277945,,
623,1.1973079489327365,1.2958891329376478,,
624,1.1973011261789903,1.2958873324663558,,
625,1.1972943599823818,1.2958855515964038,,
626,1.1972876498518852,1.2958837901126892,,
627,1.197280995300974,1.2958820478024975,,
628,1.197274395847584,1.2958803244554722,,
629,1.1972678510140655,1.2958786198635948,,
630,1.197261360327141,1.2958769338211487,,
631,1.1972549233178618,1.2958752661247022,,
632,1.1972485395215668,1.2958736165730764,,
633,1.1972422084778436,1.2958719849673266,,
634,1.197235929730482,1.2958703711107094,,
635,1.197229702827437,1.2958687748086632,,
636,1.1972235273207872,1.295867195868781,,
637,1.1972174027666942,1.2958656341007908,,
638,1.197211328725366,1.2958640893165232,,
639,1.1972053047610134,1.295862561329895,,
640,1.197199330441815,1.2958610499568834,91.9047619047619,39.523809523809526
641,1.1971934053398747,1.2958595550155037,,
642,1.1971875290311926,1.2958580763257843,,
643,1.1971817010956154,1.2958566137097463,,
644,1.1971759211168072,1.2958551669913771,,
645,1.197170188682212,1.2958537359966171,,
646,1.1971645033830156,1.295852320553326,,
647,1.1971588648141072,1.2958509204912723,,
648,1.197153272574052,1.2958495356421036,,
649,1.1971477262650452,1.295848165839331,,
650,1.197142225492887,1.2958468109183043,,
651,1.1971367698669393,1.2958454707161942,,
652,1.1971313590000983,1.2958441450719704,,
653,1.1971259925087567,1.2958428338263823,,
654,1.1971206700127728,1.295841536821939,,
655,1.1971153911354333,1.2958402539028877,,
656,1.1971101555034271,1.2958389849151974,,
657,1.1971049627468038,1.2958377297065369,,
658,1.19709981249895,1.2958364881262574,,
659,1.1970947043965547,1.2958352600253726,,
660,1.1970896380795735,1.2958340452565422,91.9047619047619,39.523809523809526
661,1.1970846131912036,1.2958328436740503,,
662,1.1970796293778494,1.2958316551337892,,
663,1.1970746862890935,1.2958304794932398,,
664,1.1970697835776642,1.295829316611458,,
665,1.1970649208994093,1.2958281663490532,,
666,1.1970600979132602,1.2958270285681697,,
667,1.1970553142812113,1.2958259031324753,,
668,1.1970505696682847,1.2958247899071376,,
669,1.1970458637425003,1.2958236887588117,,
670,1.197041196174852,1.295822599555624,,
671,1.197036566639279,1.2958215221671507,,
672,1.1970319748126328,1.2958204564644094,,
673,1.1970274203746563,1.2958194023198335,,
674,1.1970229030079518,1.2958183596072663,,
675,1.1970184223979545,1.2958173282019354,,
676,1.1970139782329094,1.2958163079804477,,
677,1.197009570203839,1.2958152988207663,,
678,1.197005198004522,1.2958143006021972,,
679,1.1970008613314633,1.2958133132053746,,
680,1.196996559883875,1.2958123365122485,91.9047619047619,68.0952380952381
681,1.1969922933636417,1.2958113704060665,,
682,1.1969880614752972,1.295810414771361,,
683,1.196983863926011,1.2958094694939348,,
684,1.1969797004255482,1.2958085344608454,,
685,1.196975570686251,1.2958076095603959,,
686,1.1969714744230198,1.295806694682114,,
687,1.19696741135328,1.2958057897167439,,
688,1.1969633811969649,1.2958048945562315,,
689,1.19695938367649,1.2958040090937097,,
690,1.1969554185167282,1.2958031332234854,,
691,1.196951485444991,1.295802266841027,,
692,1.1969475841909984,1.2958014098429522,,
693,1.1969437144868662,1.2958005621270166,,
694,1.1969398760670729,1.2957997235920935,,
695,1.1969360686684511,1.2957988941381726,,
696,1.1969322920301448,1.2957980736663388,,
697,1.1969285458936136,1.2957972620787637,,
698,1.1969248300025908,1.295796459278693,,
699,1.1969211441030687,1.2957956651704365,,
700,1.19691748794328,1.2957948796593508,91.9047619047619,39.523809523809526
701,1.1969138612736787,1.295794102651835,,
702,1.1969102638469067,1.2957933340553114,,
703,1.1969066954177927,1.2957925737782217,,
704,1.196903155743314,1.2957918217300115,,
705,1.196899644582587,1.2957910778211168,,
706,1.1968961616968459,1.2957903419629602,,
707,1.196892706849421,1.2957896140679344,,
708,1.1968892798057167,1.29578889404939,,
709,1.1968858803332016,1.2957881818216304,,
710,1.1968825082013779,1.2957874772998992,,
711,1.1968791631817686,1.295786780400367,,
712,1.196875845047901,1.2957860910401253,,
713,1.1968725535752842,1.2957854091371719,,
714,1.1968692885413903,1.2957847346104054,,
715,1.1968660497256378,1.2957840673796115,,
716,1.1968628369093763,1.2957834073654548,,
717,1.196859649875865,1.295782754489471,,
718,1.1968564884102533,1.2957821086740515,,
719,1.196853352299569,1.295781469842442,,
720,1.196850241332698,1.2957808379187254,91.9047619047619,39.523809523809526
721,1.1968471553003672,1.2957802128278164,,
722,1.1968440939951264,1.2957795944954544,,
723,1.1968410572113337,1.2957789828481883,,
724,1.1968380447451386,1.295778377813373,,
725,1.1968350563944645,1.295777779319157,,
726,1.1968320919589914,1.2957771872944757,,
727,1.1968291512401452,1.2957766016690442,,
728,1.1968262340410725,1.295776022373342,,
729,1.196823340166633,1.295775449338614,,
730,1.1968204694233817,1.2957748824968547,,
731,1.1968176216195512,1.2957743217808013,,
732,1.1968147965650355,1.29577376712393,,
733,1.1968119940713806,1.2957732184604418,,
734,1.1968092139517665,1.2957726757252575,,
735,1.1968064560209861,1.2957721388540089,,
736,1.196803720095441,1.295771607783033,,
737,1.1968010059931182,1.295771082449363,,
738,1.1967983135335827,1.2957705627907161,,
739,1.1967956425379558,1.2957700487454962,,
740,1.196792992828908,1.2957695402527762,91.9047619047619,40.0
741,1.1967903642306388,1.2957690372522952,,
742,1.196787756568869,1.2957685396844518,,
743,1.196785169670819,1.295768047490295,,
744,1.196782603365202,1.2957675606115169,,
745,1.19678005748221,1.2957670789904479,,
746,1.1967775318534934,1.2957666025700474,,
747,1.196775026312158,1.295766131293898,,
748,1.196772540692742,1.2957656651061966,,
749,1.1967700748312107,1.2957652039517515,,
750,1.196767628564939,1.295764747775973,,
751,1.1967652017327002,1.2957642965248668,,
752,1.196762794174654,1.2957638501450268,,
753,1.196760405732331,1.2957634085836327,,
754,1.196758036248626,1.295762971788437,,
755,1.1967556855677792,1.2957625397077648,,
756,1.1967533535353672,1.295762112290504,,
757,1.1967510399982904,1.2957616894860993,,
758,1.1967487448047651,1.295761271244548,,
759,1.196746467804303,1.2957608575163941,,
760,1.1967442088477065,1.295760448252717,91.9047619047619,40.0
761,1.1967419677870548,1.2957600434051326,,
762,1.196739744475692,1.2957596429257838,,
763,1.1967375387682189,1.2957592467673347,,
764,1.1967353505204752,1.2957588548829657,,
765,1.1967331795895344,1.2957584672263676,,
766,1.1967310258336907,1.2957580837517357,,
767,1.196728889112448,1.2957577044137651,,
768,1.196726769286507,1.295757329167644,,
769,1.1967246662177577,1.2957569579690484,,
770,1.1967225797692693,1.2957565907741384,,
771,1.1967205098052742,1.2957562275395518,,
772,1.1967184561911632,1.2957558682223969,,
773,1.1967164187934747,1.295755512780251,,
774,1.1967143974798786,1.2957551611711526,,
775,1.1967123921191725,1.2957548133535985,,
776,1.1967104025812723,1.295754469286535,,
777,1.1967084287371947,1.2957541289293584,,
778,1.1967064704590533,1.295753792241903,,
779,1.196704527620051,1.2957534591844446,,
780,1.1967026000944627,1.295753129717691,91.9047619047619,40.0
781,1.196700687757632,1.2957528038027724,,
782,1.196698790485959,1.29575248140125,,
783,1.196696908156892,1.2957521624750974,,
784,1.196695040648916,1.295751846986704,,
785,1.1966931878415468,1.2957515348988689,,
786,1.1966913496153224,1.2957512261747948,,
787,1.1966895258517856,1.2957509207780855,,
788,1.1966877164334853,1.295750618672742,,
789,1.1966859212439644,1.2957503198231535,,
790,1.1966841401677475,1.2957500241940996,,
791,1.1966823730903353,1.2957497317507414,,
792,1.1966806198981945,1.295749442458619,,
793,1.1966788804787531,1.2957491562836485,,
794,1.1966771547203845,1.295748873192114,,
795,1.1966754425124086,1.29574859315067,,
796,1.196673743745073,1.2957483161263297,,
797,1.1966720583095547,1.2957480420864669,,
798,1.1966703860979426,1.2957477709988097,,
799,1.1966687270032395,1.2957475028314365,,
800,1.1966670809193447,1.2957472375527737,91.9047619047619,40.0
801,1.1966654477410523,1.2957469751315884,,
802,1.1966638273640395,1.2957467155369904,,
803,1.1966622196848573,1.2957464587384233,,
804,1.1966606246009353,1.2957462047056623,,
805,1.1966590420105572,1.2957459534088125,,
806,1.1966574718128609,1.2957457048183014,,
807,1.196655913907831,1.2957454589048798,,
808,1.1966543681962938,1.2957452156396152,,
809,1.1966528345799055,1.2957449749938899,,
810,1.1966513129611454,1.295744736939397,,
811,1.1966498032433113,1.2957445014481355,,
812,1.1966483053305106,1.2957442684924105,,
813,1.1966468191276514,1.295744038044826,,
814,1.1966453445404424,1.2957438100782845,,
815,1.1966438814753761,1.295743584565983,,
816,1.1966424298397285,1.295743361481409,,
817,1.1966409895415513,1.2957431407983366,,
818,1.1966395604896636,1.2957429224908268,,
819,1.1966381425936476,1.2957427065332199,,
820,1.1966367357638361,1.2957424929001358,91.9047619047619,40.0
821,1.1966353399113143,1.295742281566469,,
822,1.1966339549479077,1.2957420725073876,,
823,1.1966325807861777,1.2957418656983295,,
824,1.1966312173394125,1.295741661114997,,
825,1.1966298645216256,1.2957414587333558,,
826,1.1966285222475426,1.2957412585296353,,
827,1.1966271904326042,1.2957410604803217,,
828,1.1966258689929479,1.2957408645621533,,
829,1.196624557845418,1.2957406707521244,,
830,1.1966232569075406,1.2957404790274762,,
831,1.1966219660975357,1.2957402893656982,,
832,1.1966206853342958,1.2957401017445236,,
833,1.1966194145373932,1.2957399161419267,,
834,1.1966181536270621,1.29573973253612,,
835,1.1966169025242024,1.2957395509055545,,
836,1.1966156611503702,1.2957393712289114,,
837,1.1966144294277699,1.2957391934851068,,
838,1.1966132072792537,1.2957390176532824,,
839,1.19661199462831,1.2957388437128061,,
840,1.196610791399064,1.295738671643271,91.9047619047619,40.0
841,1.1966095975162676,1.2957385014244907,,
842,1.1966084129052936,1.2957383330364964,,
843,1.196607237492137,1.295738166459537,,
844,1.1966060712034012,1.2957380016740754,,
845,1.1966049139662966,1.2957378386607847,,
846,1.196603765708637,1.2957376774005491,,
847,1.1966026263588325,1.2957375178744595,,
848,1.196601495845882,1.295737360063809,,
849,1.1966003740993723,1.295737203950099,,
850,1.1965992610494718,1.2957370495150256,,
851,1.1965981566269228,1.2957368967404854,,
852,1.1965970607630423,1.2957367456085713,,
853,1.1965959733897096,1.2957365961015699,,
854,1.1965948944393687,1.2957364482019582,,
855,1.1965938238450171,1.295736301892405,,
856,1.1965927615402052,1.2957361571557666,,
857,1.1965917074590324,1.2957360139750826,,
858,1.1965906615361372,1.2957358723335775,,
859,1.1965896237066966,1.2957357322146605,,
860,1.1965885939064236,1.2957355936019144,91.9047619047619,68.57142857142857
861,1.1965875720715542,1.295735456479104,,
862,1.1965865581388508,1.2957353208301678,,
863,1.196585552045599,1.2957351866392193,,
864,1.1965845537295932,1.2957350538905434,,
865,1.1965835631291408,1.2957349225685955,,
866,1.1965825801830583,1.295734792657999,,
867,1.1965816048306588,1.2957346641435414,,
868,1.1965806370117569,1.295734537010179,,
869,1.196579676666657,1.2957344112430271,,
870,1.1965787237361567,1.2957342868273658,,
871,1.196577778161536,1.2957341637486277,,
872,1.1965768398845567,1.2957340419924124,,
873,1.1965759088474552,1.2957339215444674,,
874,1.1965749849929428,1.2957338023906977,,
875,1.1965740682641992,1.2957336845171605,,
876,1.196573158604867,1.2957335679100632,,
877,1.196572255959049,1.295733452555762,,
878,1.1965713602713104,1.2957333384407628,,
879,1.1965704714866605,1.295733225551715,,
880,1.196569589550563,1.2957331138754127,91.9047619047619,40.0
881,1.1965687144089274,1.2957330033987935,,
882,1.1965678460081006,1.2957328941089359,,
883,1.1965669842948707,1.2957327859930585,,
884,1.1965661292164573,1.2957326790385162,,
885,1.196565280720511,1.2957325732328042,,
886,1.19656443875511,1.295732468563549,,
887,1.1965636032687534,1.2957323650185126,,
888,1.196562774210361,1.29573226258559,,
889,1.196561951529269,1.2957321612528048,,
890,1.196561135175222,1.2957320610083125,,
891,1.196560325098382,1.295731961840395,,
892,1.1965595212493025,1.2957318637374604,,
893,1.1965587235789537,1.2957317666880446,,
894,1.196557932038695,1.295731670680803,,
895,1.196557146580283,1.2957315757045185,,
896,1.1965563671558666,1.2957314817480923,,
897,1.1965555937179837,1.295731388800545,,
898,1.1965548262195564,1.2957312968510168,,
899,1.1965540646138897,1.295731205888766,,
900,1.1965533088546643,1.2957311159031655,91.9047619047619,68.57142857142857
901,1.1965525588959411,1.295731026883704,,
902,1.1965518146921492,1.2957309388199834,,
903,1.1965510761980895,1.2957308517017156,,
904,1.1965503433689288,1.2957307655187285,,
905,1.1965496161601952,1.2957306802609558,,
906,1.1965488945277774,1.2957305959184404,,
907,1.196548178427923,1.2957305124813343,,
908,1.1965474678172303,1.2957304299398937,,
909,1.1965467626526505,1.2957303482844833,,
910,1.1965460628914832,1.295730267505568,,
911,1.1965453684913718,1.2957301875937182,,
912,1.1965446794103014,1.2957301085396036,,
913,1.1965439956066006,1.2957300303339987,,
914,1.1965433170389281,1.2957299529677722,,
915,1.1965426436662796,1.2957298764318974,,
916,1.1965419754479836,1.2957298007174394,,
917,1.1965413123436919,1.2957297258155618,,
918,1.1965406543133859,1.2957296517175256,,
919,1.1965400013173675,1.295729578414684,,
920,1.1965393533162583,1.295729505898483,91.9047619047619,40.0
921,1.1965387102709988,1.2957294341604617,,
922,1.1965380721428416,1.2957293631922517,,
923,1.1965374388933538,1.2957292929855735,,
924,1.196536810484411,1.295729223532236,,
925,1.1965361868781927,1.2957291548241379,,
926,1.1965355680371867,1.2957290868532652,,
927,1.1965349539241816,1.29572901961169,,
928,1.196534344502263,1.2957289530915712,,
929,1.1965337397348137,1.2957288872851502,,
930,1.1965331395855137,1.2957288221847505,,
931,1.1965325440183314,1.295728757782785,,
932,1.196531952997525,1.295728694071741,,
933,1.19653136648764,1.2957286310441927,,
934,1.1965307844535062,1.2957285686927889,,
935,1.1965302068602366,1.2957285070102629,,
936,1.1965296336732214,1.2957284459894218,,
937,1.1965290648581324,1.2957283856231543,,
938,1.196528500380912,1.2957283259044237,,
939,1.1965279402077782,1.2957282668262669,,
940,1.1965273843052184,1.2957282083818,91.9047619047619,40.0
941,1.1965268326399896,1.295728150564213,,
942,1.1965262851791127,1.2957280933667648,,
943,1.196525741889876,1.2957280367827924,,
944,1.1965252027398254,1.295727980805702,,
945,1.1965246676967694,1.29572792542897,,
946,1.1965241367287716,1.2957278706461446,,
947,1.1965236098041536,1.295727816450844,,
948,1.1965230868914871,1.2957277628367523,,
949,1.1965225679595977,1.2957277097976252,,
950,1.1965220529775582,1.295727657327285,,
951,1.196521541914688,1.2957276054196183,,
952,1.1965210347405522,1.2957275540685784,,
953,1.19652053142496,1.2957275032681859,,
954,1.1965200319379568,1.2957274530125238,,
955,1.1965195362498349,1.295727403295739,,
956,1.196519044331115,1.2957273541120418,,
957,1.1965185561525566,1.2957273054557048,,
958,1.196518071685154,1.2957272573210623,,
959,1.1965175909001287,1.2957272097025108,,
960,1.196517113768933,1.2957271625945042,91.9047619047619,68.57142857142857
961,1.1965166402632486,1.2957271159915593,,
962,1.1965161703549791,1.2957270698882493,,
963,1.1965157040162528,1.295727024279208,,
964,1.1965152412194215,1.295726979159126,,
965,1.1965147819370547,1.2957269345227516,,
966,1.1965143261419409,1.2957268903648893,,
967,1.196513873807083,1.2957268466803982,,
968,1.1965134249057028,1.295726803464195,,
969,1.1965129794112304,1.2957267607112515,,
970,1.1965125372973084,1.2957267184165908,,
971,1.196512098537791,1.295726676575291,,
972,1.1965116631067338,1.2957266351824837,,
973,1.1965112309784067,1.2957265942333522,,
974,1.1965108021272748,1.2957265537231337,,
975,1.1965103765280145,1.2957265136471126,,
976,1.1965099541554944,1.2957264740006276,,
977,1.196509534984789,1.2957264347790662,,
978,1.1965091189911676,1.2957263959778662,,
979,1.1965087061500945,1.2957263575925138,,
980,1.1965082964372298,1.2957263196185438,91.9047619047619,40.0
981,1.1965078898284252,1.2957262820515398,,
982,1.196507486299727,1.2957262448871314,,
983,1.196507085827364,1.2957262081209975,,
984,1.1965066883877618,1.2957261717488613,,
985,1.1965062939575244,1.2957261357664938,,
986,1.1965059025134461,1.29572610016971,,
987,1.1965055140325036,1.2957260649543716,,
988,1.1965051284918529,1.2957260301163824,,
989,1.1965047458688338,1.2957259956516929,,
990,1.1965043661409633,1.2957259615562957,,
991,1.1965039892859364,1.2957259278262274,,
992,1.1965036152816242,1.2957258944575647,,
993,1.1965032441060721,1.2957258614464304,,
994,1.1965028757375007,1.2957258287889868,,
995,1.1965025101542996,1.295725796481438,,
996,1.196502147335029,1.295725764520028,,
997,1.1965017872584212,1.2957257329010414,,
998,1.196501429903372,1.2957257016208046,,
999,1.1965010752489469,1.2957256706756815,,
1000,1.1965007232743754,1.2957256400620754,91.9047619047619,40.0
1001,1.19650037395905,1.2957256097764305,,
1002,1.1965000272825248,1.295725579815224,,
1003,1.1964996832245178,1.2957255501749783,,
1004,1.1964993417649015,1.2957255208522462,,
1005,1.1964990028837126,1.2957254918436236,,
1006,1.196498666561141,1.2957254631457378,,
1007,1.1964983327775334,1.2957254347552551,,
1008,1.196498001513392,1.295725406668877,,
1009,1.1964976727493706,1.2957253788833423,,
1010,1.1964973464662758,1.295725351395422,,
1011,1.1964970226450655,1.295725324201922,,
1012,1.1964967012668484,1.2957252972996856,,
1013,1.1964963823128762,1.2957252706855875,,
1014,1.1964960657645545,1.295725244356536,,
1015,1.1964957516034318,1.2957252183094727,,
1016,1.1964954398111998,1.2957251925413742,,
1017,1.1964951303696973,1.2957251670492465,,
1018,1.1964948232609016,1.2957251418301308,,
1019,1.196494518466936,1.2957251168810964,,
1020,1.196494215970059,1.295725092199247,91.9047619047619,68.57142857142857
1021,1.1964939157526724,1.295725067781719,,
1022,1.196493617797313,1.295725043625674,,
1023,1.1964933220866556,1.2957250197283092,,
1024,1.196493028603511,1.2957249960868489,,
1025,1.1964927373308245,1.2957249726985507,,
1026,1.1964924482516754,1.295724949560696,,
1027,1.1964921613492718,1.2957249266706024,,
1028,1.1964918766069583,1.2957249040256105,,
1029,1.1964915940082077,1.2957248816230913,,
1030,1.1964913135366193,1.2957248594604467,,
1031,1.1964910351759266,1.2957248375351025,,
1032,1.1964907589099854,1.2957248158445147,,
1033,1.1964904847227795,1.2957247943861658,,
1034,1.1964902125984167,1.295724773157565,,
1035,1.1964899425211313,1.295724752156249,,
1036,1.1964896744752782,1.2957247313797815,,
1037,1.196489408445335,1.2957247108257504,,
1038,1.196489144415902,1.2957246904917703,,
1039,1.196488882371699,1.295724670375484,,
1040,1.1964886222975644,1.2957246504745548,91.9047619047619,68.57142857142857
1041,1.196488364178454,1.2957246307866748,,
1042,1.1964881079994443,1.29572461130956,,
1043,1.1964878537457229,1.2957245920409506,,
1044,1.1964876014026002,1.2957245729786115,,
1045,1.1964873509554939,1.2957245541203308,,
1046,1.1964871023899395,1.2957245354639217,,
1047,1.196486855691583,1.2957245170072182,,
1048,1.1964866108461851,1.2957244987480816,,
1049,1.1964863678396134,1.2957244806843933,,
1050,1.19648612665785,1.2957244628140576,,
1051,1.1964858872869817,1.2957244451350023,,
1052,1.196485649713207,1.2957244276451765,,
1053,1.1964854139228296,1.2957244103425531,,
1054,1.1964851799022624,1.2957243932251234,,
1055,1.196484947638019,1.295724376290905,,
1056,1.1964847171167237,1.2957243595379324,,
1057,1.1964844883251013,1.2957243429642633,,
1058,1.1964842612499813,1.2957243265679765,,
1059,1.1964840358782936,1.2957243103471705,,
1060,1.1964838121970722,1.2957242942999643,91.9047619047619,40.0
1061,1.1964835901934499,1.2957242784244967,,
1062,1.1964833698546595,1.2957242627189287,,
1063,1.1964831511680338,1.2957242471814392,,
1064,1.1964829341210037,1.295724231810226,,
1065,1.1964827187010985,1.295724216603509,,
1066,1.1964825048959427,1.2957242015595227,,
1067,1.1964822926932563,1.2957241866765254,,
1068,1.1964820820808573,1.2957241719527908,,
1069,1.1964818730466553,1.2957241573866132,,
1070,1.196481665578655,1.2957241429763038,,
1071,1.1964814596649547,1.2957241287201928,,
1072,1.1964812552937436,1.2957241146166278,,
1073,1.1964810524533036,1.295724100663974,,
1074,1.1964808511320053,1.2957240868606137,,
1075,1.1964806513183124,1.2957240732049498,,
1076,1.1964804530007764,1.2957240596953967,,
1077,1.1964802561680359,1.2957240463303918,,
1078,1.1964800608088186,1.295724033108385,,
1079,1.1964798669119423,1.2957240200278444,,
1080,1.1964796744663058,1.2957240070872529,91.9047619047619,40.0
1081,1.1964794834608987,1.2957239942851142,,
1082,1.1964792938847935,1.2957239816199433,,
1083,1.1964791057271464,1.2957239690902733,,
1084,1.1964789189771978,1.2957239566946517,,
1085,1.196478733624276,1.2957239444316437,,
1086,1.1964785496577837,1.2957239322998275,,
1087,1.196478367067211,1.295723920297799,,
1088,1.196478185842128,1.2957239084241676,,
1089,1.1964780059721831,1.2957238966775575,,
1090,1.196477827447108,1.2957238850566088,,
1091,1.1964776502567132,1.2957238735599745,,
1092,1.1964774743908848,1.2957238621863238,,
1093,1.1964772998395898,1.2957238509343396,,
1094,1.196477126592873,1.2957238398027187,,
1095,1.1964769546408522,1.2957238287901705,,
1096,1.1964767839737265,1.2957238178954207,,
1097,1.1964766145817671,1.2957238071172086,,
1098,1.196476446455321,1.2957237964542851,,
1099,1.1964762795848103,1.2957237859054147,,
1100,1.1964761139607285,1.2957237754693771,91.9047619047619,40.0
1101,1.1964759495736474,1.2957237651449647,,
1102,1.1964757864142068,1.2957237549309797,,
1103,1.1964756244731192,1.2957237448262422,,
1104,1.19647546374117,1.295723734829579,,
1105,1.1964753042092162,1.295723724939836,,
1106,1.1964751458681824,1.295723715155867,,
1107,1.1964749887090664,1.2957237054765391,,
1108,1.1964748327229313,1.295723695900731,,
1109,1.1964746779009119,1.295723686427336,,
1110,1.1964745242342116,1.2957236770552563,,
1111,1.1964743717140998,1.2957236677834065,,
1112,1.1964742203319123,1.295723658610715,,
1113,1.1964740700790548,1.2957236495361186,,
1114,1.1964739209469968,1.295723640558568,,
1115,1.1964737729272723,1.2957236316770249,,
1116,1.1964736260114814,1.295723622890459,,
1117,1.196473480191289,1.2957236141978548,,
1118,1.1964733354584265,1.295723605598206,,
1119,1.1964731918046827,1.295723597090518,,
1120,1.1964730492219144,1.295723588673805,91.9047619047619,40.0
1121,1.1964729077020413,1.2957235803470941,,
1122,1.1964727672370408,1.2957235721094218,,
1123,1.1964726278189557,1.2957235639598346,,
1124,1.1964724894398886,1.2957235558973887,,
1125,1.1964723520920015,1.2957235479211526,,
1126,1.1964722157675185,1.295723540030203,,
1127,1.196472080458722,1.2957235322236265,,
1128,1.1964719461579554,1.2957235245005203,,
1129,1.1964718128576173,1.2957235168599908,,
1130,1.1964716805501687,1.2957235093011528,,
1131,1.196471549228124,1.2957235018231348,,
1132,1.1964714188840595,1.2957234944250684,,
1133,1.196471289510606,1.2957234871061,,
1134,1.1964711611004488,1.2957234798653816,,
1135,1.1964710336463333,1.2957234727020772,,
1136,1.1964709071410582,1.2957234656153565,,
1137,1.196470781577477,1.2957234586044009,,
1138,1.1964706569484984,1.2957234516683995,,
1139,1.196470533247086,1.2957234448065493,,
1140,1.1964704104662562,1.295723438018058,91.9047619047619,40.0
1141,1.1964702885990801,1.2957234313021384,,
1142,1.1964701676386809,1.2957234246580158,,
1143,1.1964700475782324,1.2957234180849204,,
1144,1.196469928410966,1.295723411582093,,
1145,1.1964698101301594,1.2957234051487816,,
1146,1.1964696927291443,1.2957233987842416,,
1147,1.1964695762013016,1.295723392487737,,
1148,1.1964694605400676,1.2957233862585407,,
1149,1.1964693457389197,1.295723380095931,,
1150,1.1964692317913959,1.2957233739991958,,
1151,1.1964691186910752,1.2957233679676314,,
1152,1.1964690064315895,1.2957233620005393,,
1153,1.1964688950066191,1.2957233560972294,,
1154,1.1964687844098902,1.2957233502570198,,
1155,1.1964686746351803,1.2957233444792353,,
1156,1.1964685656763114,1.2957233387632068,,
1157,1.1964684575271551,1.2957233331082745,,
1158,1.1964683501816278,1.295723327513786,,
1159,1.1964682436336935,1.295723321979092,,
1160,1.1964681378773614,1.2957233165035544,91.9047619047619,68.57142857142857
1161,1.1964680329066872,1.2957233110865394,,
1162,1.1964679287157705,1.2957233057274213,,
1163,1.1964678252987586,1.2957233004255801,,
1164,1.1964677226498397,1.295723295180404,,
1165,1.19646762076325,1.295723289991286,,
1166,1.1964675196332673,1.2957232848576263,,
1167,1.1964674192542115,1.2957232797788314,,
1168,1.196467319620451,1.2957232747543161,,
1169,1.196467220726392,1.2957232697834966,,
1170,1.196467122566486,1.2957232648658006,,
1171,1.1964670251352252,1.295723260000659,,
1172,1.196466928427145,1.2957232551875106,,
1173,1.196466832436822,1.2957232504257985,,
1174,1.1964667371588722,1.295723245714973,,
1175,1.1964666425879564,1.295723241054488,,
1176,1.1964665487187736,1.295723236443807,,
1177,1.1964664555460607,1.2957232318823957,,
1178,1.196466363064602,1.295723227369729,,
1179,1.1964662712692127,1.295723222905283,,
1180,1.1964661801547534,1.2957232184885434,91.9047619047619,68.57142857142857
1181,1.1964660897161208,1.295723214119,,
1182,1.1964659999482512,1.2957232097961482,,
1183,1.1964659108461215,1.295723205519487,,
1184,1.1964658224047429,1.2957232012885238,,
1185,1.1964657346191678,1.2957231971027694,,
1186,1.1964656474844848,1.2957231929617408,,
1187,1.1964655609958186,1.295723188864958,,
1188,1.196465475148332,1.29572318481195,,
1189,1.1964653899372266,1.2957231808022467,,
1190,1.196465305357737,1.2957231768353845,,
1191,1.1964652214051354,1.2957231729109078,,
1192,1.1964651380747304,1.2957231690283628,,
1193,1.196465055361866,1.2957231651872987,,
1194,1.1964649732619212,1.295723161387273,,
1195,1.1964648917703093,1.2957231576278476,,
1196,1.1964648108824805,1.2957231539085883,,
1197,1.1964647305939167,1.2957231502290638,,
1198,1.1964646509001353,1.2957231465888521,,
1199,1.1964645717966904,1.29572314298753,,
1200,1.196464493279166,1.295723139424683,91.9047619047619,68.57142857142857
1201,1.1964644153431787,1.295723135899899,,
1202,1.196464337984384,1.2957231324127725,,
1203,1.196464261198464,1.2957231289628983,,
1204,1.1964641849811393,1.2957231255498802,,
1205,1.1964641093281578,1.2957231221733225,,
1206,1.1964640342353023,1.2957231188328366,,
1207,1.196463959698386,1.2957231155280364,,
1208,1.1964638857132563,1.2957231122585406,,
1209,1.1964638122757894,1.29572310902397,,
1210,1.1964637393818949,1.2957231058239538,,
1211,1.1964636670275115,1.2957231026581215,,
1212,1.196463595208609,1.295723099526106,,
1213,1.1964635239211896,1.2957230964275481,,
1214,1.1964634531612834,1.2957230933620885,,
1215,1.1964633829249502,1.2957230903293733,,
1216,1.1964633132082825,1.2957230873290533,,
1217,1.1964632440074014,1.295723084360782,,
1218,1.1964631753184536,1.295723081424216,,
1219,1.1964631071376195,1.295723078519018,,
1220,1.1964630394611082,1.2957230756448503,91.9047619047619,40.0
1221,1.1964629722851539,1.2957230728013824,,
1222,1.1964629056060212,1.295723069988287,,
1223,1.1964628394200052,1.295723067205238,,
1224,1.196462773723424,1.2957230644519133,,
1225,1.1964627085126303,1.2957230617279976,,
1226,1.1964626437839965,1.2957230590331752,,
1227,1.196462579533927,1.2957230563671358,,
1228,1.1964625157588562,1.295723053729569,,
1229,1.1964624524552379,1.2957230511201745,,
1230,1.1964623896195576,1.2957230485386488,,
1231,1.196462327248327,1.2957230459846945,,
1232,1.1964622653380843,1.2957230434580154,,
1233,1.1964622038853914,1.295723040958322,,
1234,1.19646214288684,1.2957230384853262,,
1235,1.1964620823390435,1.2957230360387397,,
1236,1.1964620222386424,1.2957230336182841,,
1237,1.196461962582303,1.2957230312236758,,
1238,1.1964619033667183,1.2957230288546422,,
1239,1.1964618445886022,1.2957230265109076,,
1240,1.1964617862446951,1.295723024192203,91.9047619047619,40.0
1241,1.196461728331767,1.2957230218982603,,
1242,1.196461670846603,1.295723019628815,,
1243,1.19646161378602,1.2957230173836038,,
1244,1.196461557146854,1.29572301516237,,
1245,1.1964615009259671,1.2957230129648565,,
1246,1.196461445120246,1.295723010790809,,
1247,1.1964613897266014,1.2957230086399774,,
1248,1.196461334741961,1.2957230065121128,,
1249,1.1964612801632837,1.2957230044069719,,
1250,1.1964612259875465,1.295723002324309,,
1251,1.1964611722117504,1.2957230002638855,,
1252,1.1964611188329197,1.2957229982254637,,
1253,1.1964610658480999,1.295722996208808,,
1254,1.1964610132543596,1.2957229942136863,,
1255,1.196460961048788,1.2957229922398674,,
1256,1.1964609092285003,1.2957229902871241,,
1257,1.196460857790628,1.2957229883552324,,
1258,1.1964608067323252,1.2957229864439683,,
1259,1.1964607560507732,1.295722984553111,,
1260,1.196460705743165,1.2957229826824441,91.9047619047619,40.0
1261,1.196460655806724,1.2957229808317494,,
1262,1.1964606062386887,1.295722979000816,,
1263,1.1964605570363203,1.2957229771894305,,
1264,1.1964605081969,1.295722975397385,,
1265,1.1964604597177289,1.295722973624474,,
1266,1.1964604115961297,1.2957229718704912,,
1267,1.1964603638294462,1.2957229701352346,,
1268,1.1964603164150391,1.2957229684185059,,
1269,1.19646026935029,1.2957229667201042,,
1270,1.1964602226326015,1.2957229650398359,,
1271,1.196460176259395,1.295722963377507,,
1272,1.1964601302281108,1.2957229617329253,,
1273,1.1964600845362092,1.2957229601059006,,
1274,1.1964600391811693,1.2957229584962457,,
1275,1.1964599941604863,1.295722956903776,,
1276,1.1964599494716799,1.2957229553283074,,
1277,1.1964599051122857,1.2957229537696584,,
1278,1.196459861079856,1.2957229522276483,,
1279,1.1964598173719612,1.2957229507020993,,
1280,1.1964597739861944,1.2957229491928364,91.9047619047619,68.57142857142857
1281,1.1964597309201643,1.2957229476996868,,
1282,1.1964596881714948,1.2957229462224764,,
1283,1.196459645737833,1.2957229447610343,,
1284,1.196459603616837,1.2957229433151936,,
1285,1.19645956180619,1.2957229418847878,,
1286,1.196459520303587,1.2957229404696506,,
1287,1.1964594791067409,1.2957229390696208,,
1288,1.1964594382133857,1.2957229376845347,,
1289,1.196459397621267,1.2957229363142344,,
1290,1.1964593573281501,1.2957229349585617,,
1291,1.1964593173318196,1.2957229336173597,,
1292,1.1964592776300718,1.2957229322904735,,
1293,1.19645923822072,1.2957229309777516,,
1294,1.196459199101598,1.295722929679041,,
1295,1.1964591602705532,1.2957229283941936,,
1296,1.196459121725449,1.2957229271230604,,
1297,1.1964590834641633,1.2957229258654948,,
1298,1.1964590454845951,1.2957229246213526,,
1299,1.1964590077846524,1.2957229233904908,,
1300,1.1964589703622637,1.2957229221727657,91.9047619047619,40.0
1301,1.1964589332153717,1.2957229209680383,,
1302,1.1964588963419345,1.2957229197761693,,
1303,1.1964588597399233,1.2957229185970216,,
1304,1.1964588234073283,1.2957229174304588,,
1305,1.1964587873421524,1.2957229162763475,,
1306,1.1964587515424143,1.2957229151345537,,
1307,1.196458716006146,1.2957229140049469,,
1308,1.1964586807313968,1.295722912887395,,
1309,1.1964586457162283,1.2957229117817723,,
1310,1.1964586109587168,1.2957229106879484,,
1311,1.1964585764569553,1.2957229096057994,,
1312,1.1964585422090481,1.2957229085351976,,
1313,1.1964585082131158,1.2957229074760235,,
1314,1.1964584744672924,1.2957229064281535,,
1315,1.1964584409697245,1.2957229053914658,,
1316,1.1964584077185756,1.2957229043658423,,
1317,1.1964583747120194,1.2957229033511644,,
1318,1.1964583419482444,1.295722902347315,,
1319,1.1964583094254542,1.2957229013541784,,
1320,1.1964582771418657,1.295722900371641,91.9047619047619,68.57142857142857
1321,1.196458245095707,1.2957228993995888,,
1322,1.1964582132852217,1.2957228984379092,,
1323,1.1964581817086621,1.2957228974864936,,
1324,1.1964581503643021,1.2957228965452305,,
1325,1.19645811925042,1.2957228956140112,,
1326,1.1964580883653104,1.2957228946927304,,
1327,1.196458057707282,1.2957228937812801,,
1328,1.1964580272746528,1.2957228928795563,,
1329,1.1964579970657554,1.295722891987455,,
1330,1.196457967078937,1.2957228911048737,,
1331,1.1964579373125523,1.2957228902317097,,
1332,1.1964579077649713,1.2957228893678636,,
1333,1.1964578784345756,1.2957228885132346,,
1334,1.1964578493197593,1.295722887667726,,
1335,1.1964578204189282,1.2957228868312392,,
1336,1.1964577917304995,1.295722886003678,,
1337,1.1964577632529017,1.295722885184947,,
1338,1.1964577349845784,1.295722884374952,,
1339,1.19645770692398,1.2957228835736005,,
1340,1.1964576790695702,1.2957228827807994,91.9047619047619,68.57142857142857
1341,1.1964576514198277,1.2957228819964564,,
1342,1.1964576239732365,1.295722881220484,,
1343,1.1964575967282973,1.2957228804527905,,
1344,1.196457569683517,1.2957228796932885,,
1345,1.1964575428374196,1.29572287894189,,
1346,1.1964575161885351,1.2957228781985082,,
1347,1.196457489735406,1.295722877463058,,
1348,1.1964574634765852,1.2957228767354554,,
1349,1.1964574374106371,1.295722876015615,,
1350,1.1964574115361388,1.2957228753034549,,
1351,1.1964573858516725,1.2957228745988945,,
1352,1.1964573603558377,1.2957228739018503,,
1353,1.1964573350472378,1.2957228732122419,,
1354,1.1964573099244924,1.2957228725299927,,
1355,1.1964572849862298,1.2957228718550216,,
1356,1.196457260231082,1.2957228711872515,,
1357,1.1964572356577008,1.295722870526606,,
1358,1.1964572112647447,1.2957228698730083,,
1359,1.1964571870508782,1.2957228692263845,,
1360,1.1964571630147818,1.2957228685866586,91.9047619047619,40.0
1361,1.196457139155141,1.2957228679537574,,
1362,1.196457115470654,1.2957228673276082,,
1363,1.1964570919600275,1.2957228667081393,,
1364,1.1964570686219778,1.2957228660952793,,
1365,1.1964570454552306,1.2957228654889574,,
1366,1.196457022458523,1.2957228648891028,,
1367,1.1964569996305983,1.2957228642956482,,
1368,1.1964569769702125,1.2957228637085247,,
1369,1.196456954476127,1.2957228631276643,,
1370,1.1964569321471168,1.295722862553,,
1371,1.196456909981963,1.2957228619844667,,
1372,1.1964568879794557,1.2957228614219978,,
1373,1.1964568661383963,1.295722860865529,,
1374,1.1964568444575927,1.2957228603149966,,
1375,1.1964568229358614,1.2957228597703372,,
1376,1.1964568015720325,1.2957228592314867,,
1377,1.1964567803649382,1.2957228586983858,,
1378,1.1964567593134232,1.295722858170971,,
1379,1.1964567384163405,1.295722857649182,,
1380,1.1964567176725522,1.2957228571329584,91.9047619047619,68.57142857142857
1381,1.1964566970809234,1.2957228566222423,,
1382,1.1964566766403377,1.2957228561169734,,
1383,1.1964566563496772,1.295722855617094,,
1384,1.1964566362078377,1.2957228551225466,,
1385,1.196456616213723,1.2957228546332744,,
1386,1.1964565963662441,1.2957228541492212,,
1387,1.1964565766643158,1.2957228536703311,,
1388,1.1964565571068708,1.2957228531965495,,
1389,1.1964565376928409,1.2957228527278204,,
1390,1.1964565184211688,1.2957228522640913,,
1391,1.1964564992908064,1.295722851805308,,
1392,1.1964564803007114,1.2957228513514192,,
1393,1.1964564614498518,1.2957228509023708,,
1394,1.196456442737199,1.2957228504581118,,
1395,1.1964564241617355,1.295722850018592,,
1396,1.196456405722452,1.2957228495837594,,
1397,1.1964563874183423,1.2957228491535646,,
1398,1.1964563692484125,1.2957228487279586,,
1399,1.1964563512116722,1.295722848306891,,
1400,1.1964563333071432,1.2957228478903147,91.9047619047619,68.57142857142857
1401,1.1964563155338483,1.2957228474781808,,
1402,1.196456297890822,1.295722847070444,,
1403,1.1964562803771055,1.2957228466670545,,
1404,1.1964562629917466,1.295722846267968,,
1405,1.1964562457337977,1.2957228458731371,,
1406,1.196456228602322,1.295722845482517,,
1407,1.196456211596389,1.2957228450960634,,
1408,1.196456194715073,1.295722844713731,,
1409,1.1964561779574554,1.2957228443354762,,
1410,1.1964561613226279,1.2957228439612558,,
1411,1.1964561448096849,1.2957228435910262,,
1412,1.1964561284177286,1.2957228432247443,,
1413,1.1964561121458681,1.2957228428623693,,
1414,1.1964560959932213,1.2957228425038583,,
1415,1.1964560799589086,1.2957228421491709,,
1416,1.1964560640420614,1.295722841798266,,
1417,1.1964560482418118,1.2957228414511033,,
1418,1.1964560325573028,1.2957228411076425,,
1419,1.196456016987684,1.295722840767844,,
1420,1.1964560015321093,1.2957228404316705,91.9047619047619,68.57142857142857
1421,1.1964559861897375,1.2957228400990803,,
1422,1.1964559709597387,1.295722839770038,,
1423,1.1964559558412833,1.295722839444504,,
1424,1.1964559408335524,1.2957228391224418,,
1425,1.1964559259357292,1.2957228388038131,,
1426,1.1964559111470083,1.2957228384885826,,
1427,1.1964558964665841,1.295722838176715,,
1428,1.1964558818936608,1.2957228378681707,,
1429,1.1964558674274484,1.295722837562918,,
1430,1.1964558530671612,1.2957228372609195,,
1431,1.1964558388120203,1.295722836962142,,
1432,1.1964558246612513,1.2957228366665496,,
1433,1.196455810614089,1.2957228363741096,,
1434,1.196455796669769,1.295722836084788,,
1435,1.1964557828275368,1.295722835798551,,
1436,1.19645576908664,1.295722835515366,,
1437,1.1964557554463335,1.2957228352352015,,
1438,1.19645574190588,1.2957228349580237,,
1439,1.1964557284645436,1.2957228346838014,,
1440,1.1964557151215953,1.2957228344125031,91.9047619047619,40.0
1441,1.1964557018763113,1.2957228341440972,,
1442,1.1964556887279756,1.2957228338785536,,
1443,1.1964556756758726,1.2957228336158408,,
1444,1.1964556627192977,1.295722833355929,,
1445,1.1964556498575474,1.2957228330987896,,
1446,1.196455637089926,1.295722832844391,,
1447,1.19645562441574,1.2957228325927053,,
1448,1.1964556118343028,1.295722832343702,,
1449,1.1964555993449328,1.2957228320973548,,
1450,1.1964555869469549,1.2957228318536331,,
1451,1.1964555746396959,1.295722831612511,,
1452,1.1964555624224895,1.2957228313739593,,
1453,1.1964555502946748,1.2957228311379507,,
1454,1.196455538255594,1.2957228309044588,,
1455,1.1964555263045955,1.2957228306734552,,
1456,1.1964555144410325,1.2957228304449158,,
1457,1.1964555026642605,1.295722830218812,,
1458,1.1964554909736458,1.29572282999512,,
1459,1.196455479368552,1.2957228297738117,,
1460,1.196455467848353,1.2957228295548624,91.9047619047619,68.57142857142857
1461,1.1964554564124235,1.295722829338249,,
1462,1.1964554450601472,1.2957228291239435,,
1463,1.196455433790908,1.2957228289119234,,
1464,1.1964554226040947,1.295722828702163,,
1465,1.1964554114991042,1.295722828494639,,
1466,1.196455400475334,1.295722828289328,,
1467,1.1964553895321892,1.295722828086205,,
1468,1.1964553786690773,1.2957228278852482,,
1469,1.1964553678854093,1.2957228276864332,,
1470,1.1964553571806027,1.2957228274897379,,
1471,1.1964553465540786,1.2957228272951395,,
1472,1.1964553360052637,1.2957228271026155,,
1473,1.1964553255335846,1.2957228269121437,,
1474,1.1964553151384767,1.2957228267237024,,
1475,1.1964553048193782,1.2957228265372707,,
1476,1.1964552945757294,1.2957228263528255,,
1477,1.1964552844069798,1.2957228261703468,,
1478,1.1964552743125767,1.2957228259898133,,
1479,1.1964552642919752,1.2957228258112046,,
1480,1.1964552543446332,1.2957228256344997,91.9047619047619,68.57142857142857
1481,1.1964552444700138,1.295722825459678,,
1482,1.196455234667582,1.2957228252867203,,
1483,1.1964552249368108,1.295722825115606,,
1484,1.1964552152771715,1.2957228249463157,,
1485,1.1964552056881435,1.2957228247788295,,
1486,1.196455196169209,1.2957228246131298,,
1487,1.1964551867198527,1.2957228244491958,,
1488,1.1964551773395642,1.2957228242870091,,
1489,1.1964551680278375,1.295722824126551,,
1490,1.1964551587841696,1.2957228239678036,,
1491,1.1964551496080598,1.2957228238107488,,
1492,1.1964551404990138,1.2957228236553677,,
1493,1.1964551314565397,1.295722823501642,,
1494,1.1964551224801476,1.2957228233495561,,
1495,1.1964551135693549,1.29572282319909,,
1496,1.1964551047236798,1.2957228230502282,,
1497,1.196455095942645,1.2957228229029536,,
1498,1.196455087225774,1.2957228227572493,,
1499,1.1964550785725991,1.2957228226130966,,
1500,1.1964550699826524,1.2957228224704804,91.9047619047619,40.0
1501,1.1964550614554694,1.295722822329384,,
1502,1.1964550529905906,1.2957228221897932,,
1503,1.1964550445875597,1.2957228220516894,,
1504,1.1964550362459223,1.2957228219150578,,
1505,1.196455027965228,1.2957228217798815,,
1506,1.1964550197450303,1.2957228216461467,,
1507,1.1964550115848855,1.2957228215138368,,
1508,1.1964550034843535,1.2957228213829377,,
1509,1.196454995442998,1.295722821253433,,
1510,1.1964549874603847,1.2957228211253102,,
1511,1.196454979536082,1.2957228209985512,,
1512,1.1964549716696626,1.2957228208731435,,
1513,1.1964549638607038,1.2957228207490719,,
1514,1.1964549561087836,1.2957228206263238,,
1515,1.196454948413485,1.2957228205048836,,
1516,1.1964549407743894,1.2957228203847373,,
1517,1.1964549331910894,1.2957228202658713,,
1518,1.1964549256631727,1.2957228201482722,,
1519,1.1964549181902346,1.2957228200319268,,
1520,1.196454910771874,1.295722819916821,91.9047619047619,40.0
1521,1.1964549034076881,1.2957228198029416,,
1522,1.196454896097283,1.2957228196902757,,
1523,1.1964548888402606,1.295722819578812,,
1524,1.1964548816362317,1.2957228194685348,,
1525,1.1964548744848091,1.2957228193594341,,
1526,1.196454867385607,1.2957228192514947,,
1527,1.1964548603382414,1.2957228191447063,,
1528,1.196454853342335,1.2957228190390562,,
1529,1.1964548463975084,1.295722818934531,,
1530,1.196454839503388,1.2957228188311205,,
1531,1.1964548326596027,1.295722818728812,,
1532,1.1964548258657852,1.2957228186275929,,
1533,1.196454819121567,1.2957228185274523,,
1534,1.1964548124265864,1.295722818428381,,
1535,1.1964548057804816,1.2957228183303635,,
1536,1.1964547991828947,1.2957228182333913,,
1537,1.1964547926334737,1.2957228181374523,,
1538,1.1964547861318606,1.2957228180425349,,
1539,1.196454779677708,1.29572281794863,,
1540,1.196454773270669,1.2957228178557256,91.9047619047619,40.0
1541,1.196454766910397,1.2957228177638114,,
1542,1.1964547605965505,1.295722817672876,,
1543,1.1964547543287896,1.29572281758291,,
1544,1.1964547481067764,1.2957228174939024,,
1545,1.1964547419301776,1.2957228174058428,,
1546,1.1964547357986566,1.2957228173187227,,
1547,1.196454729711888,1.2957228172325304,,
1548,1.1964547236695418,1.2957228171472557,,
1549,1.1964547176712925,1.2957228170628907,,
1550,1.1964547117168185,1.2957228169794246,,
1551,1.1964547058057986,1.2957228168968475,,
1552,1.1964546999379149,1.2957228168151507,,
1553,1.1964546941128513,1.2957228167343235,,
1554,1.1964546883302956,1.2957228166543577,,
1555,1.1964546825899354,1.295722816575246,,
1556,1.1964546768914628,1.2957228164969747,,
1557,1.1964546712345712,1.2957228164195385,,
1558,1.196454665618954,1.2957228163429266,,
1559,1.196454660044312,1.2957228162671321,,
1560,1.1964546545103434,1.2957228161921446,91.9047619047619,40.0
1561,1.1964546490167516,1.2957228161179561,,
1562,1.196454643563242,1.295722816044558,,
1563,1.1964546381495187,1.295722815971942,,
1564,1.1964546327752936,1.2957228159001002,,
1565,1.1964546274402752,1.2957228158290237,,
1566,1.1964546221441779,1.295722815758704,,
1567,1.1964546168867163,1.2957228156891336,,
1568,1.1964546116676087,1.2957228156203042,,
1569,1.196454606486574,1.295722815552209,,
1570,1.1964546013433317,1.2957228154848388,,
1571,1.1964545962376092,1.2957228154181868,,
1572,1.1964545911691298,1.2957228153522438,,
1573,1.1964545861376208,1.2957228152870046,,
1574,1.196454581142812,1.2957228152224596,,
1575,1.1964545761844356,1.2957228151586024,,
1576,1.1964545712622239,1.2957228150954265,,
1577,1.1964545663759132,1.2957228150329219,,
1578,1.1964545615252413,1.2957228149710849,,
1579,1.1964545567099467,1.2957228149099063,,
1580,1.196454551929771,1.2957228148493785,91.9047619047619,40.0
1581,1.1964545471844579,1.2957228147894968,,
1582,1.1964545424737512,1.2957228147302526,,
1583,1.1964545377973992,1.2957228146716395,,
1584,1.196454533155149,1.2957228146136504,,
1585,1.1964545285467532,1.2957228145562798,,
1586,1.1964545239719635,1.29572281449952,,
1587,1.1964545194305325,1.2957228144433652,,
1588,1.1964545149222194,1.2957228143878075,,
1589,1.196454510446779,1.2957228143328425,,
1590,1.1964545060039726,1.2957228142784643,,
1591,1.1964545015935617,1.2957228142246633,,
1592,1.1964544972153093,1.2957228141714372,,
1593,1.1964544928689789,1.2957228141187775,,
1594,1.1964544885543391,1.295722814066678,,
1595,1.1964544842711573,1.295722814015135,,
1596,1.196454480019204,1.2957228139641392,,
1597,1.1964544757982498,1.2957228139136885,,
1598,1.1964544716080687,1.2957228138637737,,
1599,1.196454467448437,1.2957228138143926,,
1600,1.1964544633191287,1.295722813765535,91.9047619047619,40.0
1601,1.1964544592199253,1.295722813717199,,
1602,1.1964544551506047,1.2957228136693784,,
1603,1.1964544511109476,1.2957228136220664,,
1604,1.1964544471007406,1.2957228135752596,,
1605,1.1964544431197648,1.2957228135289498,,
1606,1.1964544391678091,1.2957228134831338,,
1607,1.196454435244661,1.2957228134378065,,
1608,1.1964544313501089,1.295722813392962,,
1609,1.1964544274839441,1.2957228133485952,,
1610,1.1964544236459604,1.2957228133047005,,
1611,1.1964544198359501,1.2957228132612735,,
1612,1.1964544160537094,1.2957228132183087,,
1613,1.1964544122990362,1.295722813175802,,
1614,1.1964544085717292,1.2957228131337482,,
1615,1.196454404871587,1.295722813092142,,
1616,1.1964544011984113,1.2957228130509795,,
1617,1.1964543975520068,1.2957228130102552,,
1618,1.1964543939321761,1.295722812969964,,
1619,1.196454390338726,1.2957228129301028,,
1620,1.1964543867714632,1.295722812890666,91.9047619047619,40.0
1621,1.1964543832301966,1.2957228128516496,,
1622,1.1964543797147373,1.2957228128130485,,
1623,1.1964543762248945,1.2957228127748583,,
1624,1.1964543727604828,1.2957228127370752,,
1625,1.1964543693213163,1.2957228126996942,,
1626,1.1964543659072095,1.2957228126627112,,
1627,1.196454362517982,1.2957228126261229,,
1628,1.1964543591534496,1.2957228125899234,,
1629,1.1964543558134322,1.29572281255411,,
1630,1.196454352497751,1.295722812518678,,
1631,1.1964543492062283,1.295722812483623,,
1632,1.196454345938688,1.2957228124489417,,
1633,1.1964543426949552,1.29572281241463,,
1634,1.196454339474856,1.2957228123806832,,
1635,1.196454336278217,1.2957228123470985,,
1636,1.1964543331048665,1.295722812313871,,
1637,1.1964543299546355,1.2957228122809976,,
1638,1.1964543268273549,1.2957228122484745,,
1639,1.1964543237228569,1.2957228122162978,,
1640,1.196454320640976,1.2957228121844644,91.9047619047619,40.0
1641,1.1964543175815452,1.2957228121529691,,
1642,1.1964543145444029,1.2957228121218094,,
1643,1.1964543115293853,1.2957228120909814,,
1644,1.1964543085363304,1.295722812060482,,
1645,1.1964543055650776,1.2957228120303075,,
1646,1.1964543026154686,1.2957228120004536,,
1647,1.1964542996873457,1.2957228119709185,,
1648,1.1964542967805516,1.2957228119416973,,
1649,1.1964542938949287,1.2957228119127888,,
1650,1.1964542910303264,1.2957228118841864,,
1651,1.1964542881865876,1.2957228118558892,,
1652,1.1964542853635627,1.2957228118278927,,
1653,1.1964542825610984,1.295722811800196,,
1654,1.1964542797790452,1.295722811772793,,
1655,1.1964542770172555,1.2957228117456827,,
1656,1.1964542742755795,1.2957228117188604,,
1657,1.1964542715538715,1.295722811692325,,
1658,1.1964542688519844,1.29572281166607,,
1659,1.1964542661697761,1.295722811640096,,
1660,1.196454263507101,1.2957228116143988,91.9047619047619,68.57142857142857
1661,1.196454260863817,1.2957228115889747,,
1662,1.1964542582397826,1.2957228115638217,,
1663,1.196454255634856,1.2957228115389363,,
1664,1.1964542530489,1.2957228115143156,,
1665,1.1964542504817757,1.2957228114899575,,
1666,1.196454247933345,1.2957228114658583,,
1667,1.1964542454034701,1.2957228114420167,,
1668,1.1964542428920186,1.2957228114184287,,
1669,1.1964542403988543,1.295722811395091,,
1670,1.1964542379238434,1.2957228113720025,,
1671,1.1964542354668557,1.2957228113491603,,
1672,1.1964542330277568,1.2957228113265604,,
1673,1.1964542306064174,1.2957228113042019,,
1674,1.196454228202709,1.2957228112820807,,
1675,1.1964542258165014,1.2957228112601966,,
1676,1.1964542234476676,1.295722811238544,,
1677,1.1964542210960802,1.295722811217122,,
1678,1.196454218761614,1.295722811195929,,
1679,1.1964542164441445,1.2957228111749612,,
1680,1.1964542141435477,1.2957228111542163,91.9047619047619,68.57142857142857
1681,1.1964542118596984,1.2957228111336934,,
1682,1.1964542095924764,1.2957228111133885,,
1683,1.196454207341761,1.2957228110932995,,
1684,1.1964542051074307,1.2957228110734245,,
1685,1.1964542028893657,1.2957228110537613,,
1686,1.1964542006874472,1.2957228110343069,,
1687,1.1964541985015595,1.2957228110150605,,
1688,1.1964541963315833,1.2957228109960182,,
1689,1.1964541941774036,1.2957228109771795,,
1690,1.1964541920389034,1.2957228109585408,,
1691,1.1964541899159722,1.295722810940101,,
1692,1.196454187808493,1.2957228109218577,,
1693,1.1964541857163549,1.2957228109038077,,
1694,1.1964541836394447,1.2957228108859506,,
1695,1.1964541815776524,1.2957228108682837,,
1696,1.1964541795308674,1.2957228108508045,,
1697,1.1964541774989808,1.295722810833512,,
1698,1.1964541754818818,1.295722810816403,,
1699,1.1964541734794651,1.2957228107994765,,
1700,1.1964541714916237,1.2957228107827294,91.9047619047619,68.57142857142857
1701,1.1964541695182491,1.2957228107661611,,
1702,1.196454167559237,1.2957228107497698,,
1703,1.196454165614483,1.2957228107335532,,
1704,1.1964541636838832,1.295722810717509,,
1705,1.1964541617673334,1.295722810701635,,
1706,1.196454159864732,1.2957228106859302,,
1707,1.1964541579759769,1.2957228106703926,,
1708,1.1964541561009663,1.295722810655021,,
1709,1.1964541542396037,1.2957228106398129,,
1710,1.1964541523917844,1.2957228106247665,,
1711,1.196454150557413,1.2957228106098797,,
1712,1.1964541487363913,1.295722810595152,,
1713,1.1964541469286203,1.2957228105805811,,
1714,1.196454145134005,1.2957228105661653,,
1715,1.196454143352449,1.2957228105519034,,
1716,1.1964541415838563,1.2957228105377923,,
1717,1.1964541398281339,1.2957228105238325,,
1718,1.1964541380851865,1.2957228105100207,,
1719,1.1964541363549217,1.2957228104963572,,
1720,1.1964541346372473,1.2957228104828369,91.9047619047619,40.0
1721,1.1964541329320697,1.295722810469462,,
1722,1.1964541312393027,1.295722810456229,,
1723,1.196454129558849,1.2957228104431366,,
1724,1.1964541278906244,1.2957228104301846,,
1725,1.1964541262345376,1.2957228104173704,,
1726,1.196454124590499,1.2957228104046923,,
1727,1.196454122958423,1.295722810392149,,
1728,1.196454121338221,1.2957228103797391,,
1729,1.1964541197298066,1.2957228103674623,,
1730,1.196454118133095,1.295722810355315,,
1731,1.1964541165479992,1.2957228103432978,,
1732,1.1964541149744357,1.2957228103314076,,
1733,1.1964541134123199,1.2957228103196443,,
1734,1.1964541118615692,1.2957228103080063,,
1735,1.1964541103221011,1.2957228102964928,,
1736,1.196454108793831,1.2957228102851013,,
1737,1.196454107276679,1.2957228102738314,,
1738,1.1964541057705638,1.2957228102626812,,
1739,1.1964541042754055,1.2957228102516496,,
1740,1.196454102791123,1.2957228102407363,91.9047619047619,68.57142857142857
1741,1.196454101317639,1.2957228102299383,,
1742,1.1964540998548734,1.2957228102192548,,
1743,1.1964540984027487,1.295722810208686,,
1744,1.1964540969611868,1.2957228101982299,,
1745,1.1964540955301097,1.2957228101878844,,
1746,1.196454094109444,1.2957228101776495,,
1747,1.196454092699112,1.2957228101675224,,
1748,1.196454091299039,1.2957228101575045,,
1749,1.1964540899091474,1.2957228101475926,,
1750,1.196454088529367,1.295722810137786,,
1751,1.1964540871596225,1.2957228101280847,,
1752,1.1964540857998414,1.2957228101184852,,
1753,1.1964540844499496,1.2957228101089897,,
1754,1.1964540831098767,1.2957228100995946,,
1755,1.1964540817795504,1.2957228100902984,,
1756,1.1964540804588997,1.2957228100811022,,
1757,1.1964540791478542,1.295722810072004,,
1758,1.196454077846344,1.295722810063002,,
1759,1.1964540765542997,1.2957228100540967,,
1760,1.1964540752716524,1.2957228100452851,91.9047619047619,40.0
1761,1.1964540739983327,1.295722810036568,,
1762,1.1964540727342732,1.2957228100279439,,
1763,1.1964540714794085,1.295722810019412,,
1764,1.1964540702336688,1.2957228100109695,,
1765,1.196454068996988,1.295722810002617,,
1766,1.196454067769302,1.2957228099943545,,
1767,1.1964540665505432,1.2957228099861793,,
1768,1.1964540653406477,1.2957228099780904,,
1769,1.1964540641395502,1.2957228099700895,,
1770,1.1964540629471885,1.295722809962172,,
1771,1.1964540617634964,1.2957228099543399,,
1772,1.1964540605884129,1.2957228099465905,,
1773,1.1964540594218733,1.2957228099389244,,
1774,1.1964540582638163,1.2957228099313383,,
1775,1.196454057114182,1.2957228099238347,,
1776,1.1964540559729053,1.2957228099164102,,
1777,1.1964540548399278,1.2957228099090636,,
1778,1.1964540537151895,1.2957228099017974,,
1779,1.1964540525986285,1.2957228098946072,,
1780,1.1964540514901871,1.2957228098874936,91.9047619047619,40.0
1781,1.1964540503898051,1.2957228098804563,,
1782,1.1964540492974247,1.2957228098734932,,
1783,1.1964540482129855,1.2957228098666045,,
1784,1.1964540471364318,1.2957228098597888,,
1785,1.1964540460677067,1.2957228098530464,,
1786,1.1964540450067502,1.2957228098463753,,
1787,1.1964540439535092,1.295722809839775,,
1788,1.1964540429079253,1.295722809833245,,
1789,1.196454041869943,1.295722809826785,,
1790,1.1964540408395075,1.2957228098203926,,
1791,1.1964540398165646,1.29572280981407,,
1792,1.1964540388010574,1.295722809807813,,
1793,1.1964540377929345,1.295722809801624,,
1794,1.1964540367921395,1.2957228097955003,,
1795,1.1964540357986224,1.2957228097894413,,
1796,1.1964540348123256,1.2957228097834474,,
1797,1.1964540338331993,1.2957228097775166,,
1798,1.196454032861193,1.2957228097716504,,
1799,1.1964540318962522,1.2957228097658453,,
1800,1.1964540309383263,1.295722809760102,91.9047619047619,40.0
1801,1.1964540299873638,1.2957228097544204,,
1802,1.1964540290433154,1.2957228097487994,,
1803,1.1964540281061282,1.2957228097432367,,
1804,1.196454027175755,1.2957228097377347,,
1805,1.1964540262521448,1.2957228097322906,,
1806,1.196454025335248,1.2957228097269051,,
1807,1.1964540244250177,1.2957228097215763,,
1808,1.196454023521403,1.295722809716305,,
1809,1.196454022624357,1.2957228097110884,,
1810,1.1964540217338315,1.2957228097059283,,
1811,1.1964540208497783,1.2957228097008227,,
1812,1.1964540199721518,1.2957228096957716,,
1813,1.1964540191009054,1.2957228096907751,,
1814,1.1964540182359913,1.2957228096858302,,
1815,1.1964540173773646,1.2957228096809397,,
1816,1.1964540165249788,1.2957228096760998,,
1817,1.1964540156787875,1.295722809671312,,
1818,1.1964540148387466,1.295722809666575,,
1819,1.1964540140048137,1.2957228096618885,,
1820,1.1964540131769394,1.2957228096572526,91.9047619047619,40.0
1821,1.1964540123550829,1.2957228096526647,,
1822,1.196454011539201,1.2957228096481261,,
1823,1.196454010729248,1.295722809643636,,
1824,1.1964540099251824,1.2957228096391937,,
1825,1.1964540091269606,1.2957228096347981,,
1826,1.1964540083345396,1.2957228096304498,,
1827,1.1964540075478776,1.2957228096261475,,
1828,1.196454006766935,1.2957228096218911,,
1829,1.1964540059916648,1.2957228096176816,,
1830,1.1964540052220323,1.2957228096135143,,
1831,1.1964540044579908,1.295722809609392,,
1832,1.196454003699503,1.2957228096053142,,
1833,1.1964540029465276,1.2957228096012794,,
1834,1.1964540021990233,1.2957228095972873,,
1835,1.1964540014569525,1.2957228095933386,,
1836,1.196454000720274,1.2957228095894322,,
1837,1.1964539999889485,1.2957228095855657,,
1838,1.1964539992629382,1.295722809581741,,
1839,1.1964539985422045,1.2957228095779572,,
1840,1.1964539978267077,1.2957228095742137,91.9047619047619,68.57142857142857
1841,1.19645399711641,1.2957228095705102,,
1842,1.196453996411274,1.2957228095668463,,
1843,1.1964539957112634,1.2957228095632214,,
1844,1.19645399501634,1.295722809559634,,
1845,1.1964539943264636,1.2957228095560862,,
1846,1.1964539936416023,1.2957228095525744,,
1847,1.1964539929617164,1.2957228095491018,,
1848,1.1964539922867712,1.2957228095456643,,
1849,1.1964539916167314,1.295722809542265,,
1850,1.1964539909515597,1.2957228095389013,,
1851,1.1964539902912215,1.295722809535573,,
1852,1.1964539896356805,1.2957228095322804,,
1853,1.1964539889849046,1.2957228095290232,,
1854,1.1964539883388552,1.2957228095258002,,
1855,1.1964539876975018,1.2957228095226114,,
1856,1.196453987060808,1.295722809519457,,
1857,1.1964539864287398,1.2957228095163362,,
1858,1.196453985801264,1.2957228095132474,,
1859,1.1964539851783484,1.2957228095101927,,
1860,1.1964539845599578,1.2957228095071702,91.9047619047619,68.57142857142857
1861,1.1964539839460606,1.2957228095041808,,
1862,1.196453983336624,1.2957228095012219,,
1863,1.196453982731615,1.2957228094982953,,
1864,1.1964539821310016,1.2957228094953992,,
1865,1.1964539815347524,1.295722809492534,,
1866,1.1964539809428338,1.295722809489699,,
1867,1.196453980355217,1.2957228094868949,,
1868,1.1964539797718698,1.2957228094841202,,
1869,1.1964539791927595,1.2957228094813757,,
1870,1.1964539786178567,1.2957228094786593,,
1871,1.1964539780471315,1.2957228094759723,,
1872,1.196453977480552,1.2957228094733142,,
1873,1.1964539769180886,1.2957228094706839,,
1874,1.1964539763597124,1.2957228094680817,,
1875,1.196453975805392,1.2957228094655076,,
1876,1.1964539752550984,1.2957228094629605,,
1877,1.196453974708803,1.2957228094604405,,
1878,1.1964539741664755,1.2957228094579476,,
1879,1.196453973628088,1.2957228094554802,,
1880,1.1964539730936128,1.2957228094530406,91.9047619047619,40.0
1881,1.19645397256302,1.295722809450626,,
1882,1.1964539720362808,1.2957228094482365,,
1883,1.1964539715133682,1.2957228094458737,,
1884,1.1964539709942548,1.2957228094435356,,
1885,1.1964539704789114,1.2957228094412228,,
1886,1.1964539699673125,1.2957228094389337,,
1887,1.19645396945943,1.295722809436669,,
1888,1.1964539689552358,1.295722809434429,,
1889,1.1964539684547055,1.2957228094322124,,
1890,1.1964539679578103,1.29572280943002,,
1891,1.1964539674645254,1.2957228094278503,,
1892,1.1964539669748224,1.295722809425704,,
1893,1.1964539664886777,1.2957228094235804,,
1894,1.1964539660060636,1.2957228094214794,,
1895,1.1964539655269553,1.2957228094194002,,
1896,1.196453965051327,1.2957228094173436,,
1897,1.1964539645791532,1.2957228094153102,,
1898,1.1964539641104095,1.295722809413297,,
1899,1.19645396364507,1.2957228094113056,,
1900,1.1964539631831115,1.2957228094093343,91.9047619047619,40.0
1901,1.1964539627245079,1.2957228094073854,,
1902,1.1964539622692356,1.2957228094054565,,
1903,1.196453961817269,1.295722809403549,,
1904,1.1964539613685858,1.2957228094016602,,
1905,1.196453960923161,1.2957228093997928,,
1906,1.1964539604809727,1.2957228093979445,,
1907,1.1964539600419952,1.2957228093961162,,
1908,1.196453959606206,1.2957228093943078,,
1909,1.1964539591735819,1.2957228093925182,,
1910,1.1964539587441012,1.2957228093907476,,
1911,1.196453958317739,1.2957228093889956,,
1912,1.1964539578944724,1.295722809387263,,
1913,1.1964539574742803,1.2957228093855477,,
1914,1.1964539570571404,1.2957228093838522,,
1915,1.19645395664303,1.2957228093821738,,
1916,1.1964539562319279,1.2957228093805129,,
1917,1.196453955823811,1.2957228093788706,,
1918,1.1964539554186575,1.2957228093772453,,
1919,1.1964539550164464,1.2957228093756368,,
1920,1.1964539546171564,1.295722809374046,91.9047619047619,40.0
1921,1.1964539542207673,1.2957228093724718,,
1922,1.1964539538272554,1.2957228093709146,,
1923,1.1964539534366023,1.295722809369374,,
1924,1.196453953048787,1.2957228093678494,,
1925,1.1964539526637863,1.2957228093663409,,
1926,1.1964539522815825,1.2957228093648494,,
1927,1.1964539519021535,1.2957228093633728,,
1928,1.1964539515254813,1.2957228093619126,,
1929,1.1964539511515442,1.2957228093604678,,
1930,1.1964539507803211,1.2957228093590383,,
1931,1.1964539504117955,1.2957228093576236,,
1932,1.196453950045946,1.295722809356224,,
1933,1.1964539496827522,1.29572280935484,,
1934,1.1964539493221966,1.2957228093534703,,
1935,1.1964539489642592,1.2957228093521147,,
1936,1.1964539486089198,1.2957228093507742,,
1937,1.196453948256162,1.2957228093494482,,
1938,1.196453947905967,1.2957228093481354,,
1939,1.1964539475583125,1.2957228093468371,,
1940,1.1964539472131839,1.2957228093455524,91.9047619047619,40.0
1941,1.1964539468705608,1.2957228093442816,,
1942,1.1964539465304262,1.2957228093430242,,
1943,1.1964539461927612,1.2957228093417799,,
1944,1.1964539458575476,1.295722809340549,,
1945,1.1964539455247685,1.2957228093393318,,
1946,1.1964539451944065,1.2957228093381266,,
1947,1.1964539448664429,1.295722809336935,,
1948,1.1964539445408595,1.2957228093357556,,
1949,1.196453944217643,1.2957228093345885,,
1950,1.1964539438967703,1.2957228093334345,,
1951,1.1964539435782295,1.2957228093322921,,
1952,1.1964539432620003,1.2957228093311626,,
1953,1.1964539429480676,1.2957228093300444,,
1954,1.1964539426364145,1.295722809328938,,
1955,1.1964539423270237,1.2957228093278446,,
1956,1.1964539420198808,1.2957228093267619,,
1957,1.1964539417149662,1.2957228093256912,,
1958,1.1964539414122666,1.295722809324631,,
1959,1.1964539411117645,1.2957228093235826,,
1960,1.1964539408134447,1.2957228093225457,91.9047619047619,40.0
1961,1.1964539405172898,1.2957228093215187,,
1962,1.1964539402232857,1.2957228093205042,,
1963,1.1964539399314165,1.2957228093194995,,
1964,1.196453939641667,1.2957228093185054,,
1965,1.19645393935402,1.2957228093175226,,
1966,1.1964539390684616,1.2957228093165496,,
1967,1.1964539387849762,1.2957228093155875,,
1968,1.1964539385035498,1.295722809314635,,
1969,1.1964539382241666,1.295722809313693,,
1970,1.1964539379468109,1.2957228093127606,,
1971,1.1964539376714698,1.2957228093118385,,
1972,1.1964539373981278,1.2957228093109263,,
1973,1.1964539371267693,1.2957228093100228,,
1974,1.1964539368573806,1.29572280930913,,
1975,1.1964539365899494,1.2957228093082471,,
1976,1.1964539363244575,1.2957228093073727,,
1977,1.196453936060895,1.2957228093065076,,
1978,1.196453935799245,1.295722809305652,,
1979,1.196453935539495,1.2957228093048052,,
1980,1.196453935281629,1.2957228093039683,91.9047619047619,40.0
1981,1.196453935025638,1.2957228093031397,,
1982,1.1964539347715042,1.2957228093023199,,
1983,1.1964539345192144,1.2957228093015087,,
1984,1.196453934268756,1.2957228093007067,,
1985,1.196453934020117,1.2957228092999125,,
1986,1.1964539337732822,1.2957228092991269,,
1987,1.1964539335282403,1.29572280929835,,
1988,1.1964539332849764,1.2957228092975808,,
1989,1.1964539330434787,1.2957228092968196,,
1990,1.1964539328037342,1.2957228092960675,,
1991,1.196453932565729,1.295722809295323,,
1992,1.1964539323294527,1.2957228092945863,,
1993,1.1964539320948917,1.2957228092938575,,
1994,1.1964539318620337,1.2957228092931359,,
1995,1.1964539316308649,1.2957228092924227,,
1996,1.1964539314013751,1.2957228092917163,,
1997,1.196453931173551,1.2957228092910178,,
1998,1.1964539309473796,1.2957228092903277,,
1999,1.1964539307228512,1.2957228092896433,,
