Epoch,Quantum_Loss,Classical_Loss
0,0.2130078135578294,0.41169719072425376
1,0.20557982325339585,0.40242297705011104
2,0.198421981448413,0.3934330096263061
3,0.19152943897774505,0.38472902849213586
4,0.1848968336695635,0.37631124651687614
5,0.17851835714049152,0.3681785134095367
6,0.17238782013002124,0.36032847659614303
7,0.1664987156085861,0.3527577352526194
8,0.16084427902569973,0.34546198501495406
9,0.15541754519634685,0.3384361519511478
10,0.15021140145047795,0.33167451523226715
11,0.1452186367883317,0.3251708185725296
12,0.14043198689081687,0.31891837093299524
13,0.13584417492778295,0.3129101372277535
14,0.1314479481870212,0.3071388198717627
15,0.1272361106132892,0.3015969320048477
16,0.12320155140009993,0.2962768631542508
17,0.1193372698183949,0.2911709379911604
18,0.11563639649670342,0.2862714687207523
19,0.11209221138827642,0.2815708015389745
20,0.10869815867331419,0.2770613575040035
21,0.10544785885009164,0.2727356681111323
22,0.10233511826876175,0.26858640582704596
23,0.09935393635702466,0.2646064098297288
24,0.09649851077869451,0.2607887072083042
25,0.09376324075537602,0.2571265298967561
26,0.0911427287687296,0.2536133276406618
27,0.0886317808468133,0.2502427773214921
28,0.08622540562326322,0.2470087889845874
29,0.08391881234305014,0.24390550893175786
30,0.08170740797357391,0.24092732024602467
31,0.07958679356519231,0.2380688411138431
32,0.07755275999113605,0.23532492129963056
33,0.07560128318327795,0.2326906371095849
34,0.07372851896750836,0.23016128515803183
35,0.07193079759058477,0.22773237522146023
36,0.07020461801929828,0.2253996224345838
37,0.06854664208265493,0.22315893905068415
38,0.06695368851848497,0.22100642595643064
39,0.06542272697745374,0.21893836410039058
40,0.06395087202981523,0.21695120596534656
41,0.0625353772133848,0.2150415671878968
42,0.06117362915506583,0.21320621840497606
43,0.05986314179279427,0.21144207738607484
44,0.058601550719919314,0.2097462014920572
45,0.05738660766976457,0.20811578048648882
46,0.0562161751543652,0.206548129713098
47,0.055088221268100694,0.20504068364315828
48,0.054000814664104,0.2035909897889317
49,0.05295211970886997,0.2021967029735565
50,0.05194039181838165,0.2008555799436202
51,0.05096397297727622,0.19956547430785754
52,0.05002128744105318,0.19832433178370198
53,0.04911083762005017,0.19713018573257907
54,0.04823120014285429,0.19598115296465904
55,0.04738102209594543,0.19487542979412137
56,0.04655901743566141,0.19381128832667838
57,0.04576396356801725,0.19278707296205144
58,0.04499469809147165,0.19180119709518542
59,0.044250115697409706,0.19085214000116793
60,0.043529165222872215,0.18993844389001668
61,0.04283084684990888,0.18905871111868314
62,0.04215420944584284,0.18821160154875685
63,0.041498348038702455,0.18739583003942425
64,0.04086240142209123,0.1866101640662272
65,0.040245549883822965,0.1858534214570759
66,0.03964701305273497,0.18512446823778914
67,0.03906604785820758,0.18442221658017732
68,0.038501946597049745,0.18374562284633633
69,0.03795403510256496,0.18309368572341062
70,0.037421671010770576,0.18246544444359206
71,0.03690424211891913,0.1818599770845818
72,0.036401164831646855,0.18127639894613737
73,0.03591188269025634,0.18071386099868045
74,0.035435864980824676,0.18017154840024893
75,0.03497260541701224,0.1796486790783491
76,0.03452162089362786,0.17914450237350432
77,0.034082450307189247,0.17865829774151018
78,0.03365465343988964,0.17818937351159675
79,0.03323780990355744,0.17773706569786743
80,0.03283151814036045,0.17730073686154002
81,0.03243539447716972,0.17687977502165253
82,0.03204907223065444,0.17647359261202572
83,0.03167220086032885,0.17608162548238804
84,0.0313044451669191,0.17570333194167986
85,0.030945484533555098,0.17533819184165073
86,0.030595012207426244,0.1749857056989582
87,0.03025273461966666,0.17464539385406408
88,0.029918370741356202,0.1743167956653052
89,0.029591651473640623,0.1739994687365929
90,0.02927231907008123,0.17369298817727044
91,0.028960126589451442,0.17339694589272406
92,0.0286548373772947,0.1731109499044106
93,0.02835622457465335,0.1728346236980275
94,0.02806407065246683,0.17256760559860784
95,0.02777816697022051,0.17230954817138225
96,0.027498313357509144,0.17206011764730036
97,0.027224317717251218,0.17181899337215845
98,0.026955995649363493,0.17158586727832442
99,0.026693170093772974,0.17136044337810188
100,0.026435670991705178,0.1711424372778152
101,0.02618333496424988,0.17093157571174108
102,0.02593600500726025,0.17072759609505128
103,0.025693530201696704,0.17053024609496922
104,0.02545576543857545,0.17033928321937888
105,0.02522257115773077,0.17015447442215698
106,0.02499381309964389,0.16997559572453577
107,0.024769362069634253,0.16980243185182997
108,0.024549093713748672,0.169634775884893
109,0.024332888305720817,0.16947242892569678
110,0.024120630544410455,0.16931519977645215
111,0.02391220936116284,0.1691629046317159
112,0.023707517736562895,0.1690153667829523
113,0.023506452526085516,0.16887241633503985
114,0.023308914294173536,0.16873388993423655
115,0.023114807156299884,0.1685996305071375
116,0.022924038628595787,0.16846948701017675
117,0.022736519484649838,0.16834331418924697
118,0.022552163619104615,0.16822097234902553
119,0.022370887917698846,0.16810232713161416
120,0.022192612133422163,0.16798724930411565
121,0.02201725876846738,0.16787561455478606
122,0.021844752961684054,0.16776730329741538
123,0.021675022381251085,0.16766220048360525
124,0.02150799712230416,0.1675601954226243
125,0.021343609609266047,0.16746118160853546
126,0.02118179450264235,0.1673650565543017
127,0.02102248861005909,0.16727172163258863
128,0.020865630801328427,0.16718108192299408
129,0.02071116192734257,0.1670930460654446
130,0.0205590247426052,0.16700752611951045
131,0.020409163831220704,0.16692443742940027
132,0.02026152553617037,0.16684369849440572
133,0.02011605789171526,0.16676523084457537
134,0.019972710558771492,0.16668895892140845
135,0.01983143476311473,0.16661480996336284
136,0.019692183236275643,0.1665427138959848
137,0.019554910158997477,0.16647260322647184
138,0.019419571107131467,0.16640441294249023
139,0.01928612299985459,0.16633808041507436
140,0.01915452405009823,0.16627354530544236
141,0.019024733717083242,0.16621074947556935
142,0.018896712660861653,0.16614963690236587
143,0.018770422698770623,0.1660901535953149
144,0.01864582676370967,0.16603224751742726
145,0.018522888864155106,0.16597586850938018
146,0.018401574045832158,0.16592096821670996
147,0.01828184835496701,0.16586750001993417
148,0.01816367880304723,0.16581541896748417
149,0.01804703333302017,0.1657646817113341
150,0.01793188078686504,0.1657152464452154
151,0.017818190874475292,0.1656670728453125
152,0.017705934143792373,0.1656201220133382
153,0.017595081952134443,0.16557435642189142
154,0.017485606438666965,0.16552973986200467
155,0.017377480497963164,0.16548623739279178
156,0.017270677754607236,0.16544381529310975
157,0.01716517253879265,0.16540244101515342
158,0.017060939862873513,0.16536208313990322
159,0.016957955398825417,0.1653227113343507
160,0.01685619545657742,0.16528429631042924
161,0.01675563696317666,0.16524680978558073
162,0.016656257442749355,0.16521022444489047
163,0.01655803499722497,0.1651745139047272
164,0.016460948287789115,0.16513965267782663
165,0.01636497651703589,0.165105616139759
166,0.016270099411788738,0.1650723804967251
167,0.016176297206561555,0.16503992275462603
168,0.01608355062763409,0.16500822068935467
169,0.01599184087771446,0.16497725281825912
170,0.015901149621165463,0.16494699837273136
171,0.015811458969770754,0.16491743727187302
172,0.015722751469018383,0.16488855009719736
173,0.01563501008488048,0.16486031806832224
174,0.01554821819106936,0.16483272301961677
175,0.015462359556749421,0.1648057473777603
176,0.015377418334687372,0.16477937414017826
177,0.01529337904982262,0.16475358685431876
178,0.015210226588240663,0.16472836959773618
179,0.015127946186533814,0.164703706958948
180,0.015046523421533536,0.1646795840190351
181,0.014965944200399449,0.16465598633395417
182,0.01488619475105141,0.16463289991753424
183,0.014807261612930342,0.16461031122512892
184,0.014729131628076004,0.16458820713789887
185,0.014651791932508271,0.16456657494769814
186,0.014575229947900467,0.16454540234254078
187,0.014499433373534485,0.16452467739262375
188,0.014424390178524486,0.16450438853688437
189,0.014350088594301546,0.16448452457007057
190,0.014276517107347512,0.16446507463030288
191,0.014203664452169008,0.16444602818710968
192,0.014131519604503087,0.16442737502991528
193,0.014060071774744718,0.1644091052569644
194,0.013989310401589126,0.1643912092646638
195,0.013919225145879581,0.16437367773732592
196,0.013849805884654173,0.16435650163729795
197,0.013781042705383295,0.16433967219546075
198,0.013712925900391491,0.16432318090208353
199,0.013645445961456457,0.16430701949801974
200,0.01357859357457903,0.1642911799662308
201,0.013512359614917605,0.16427565452362483
202,0.013446735141881523,0.16426043561319764
203,0.013381711394377022,0.16424551589646447
204,0.013317279786201088,0.16423088824617088
205,0.013253431901577035,0.16421654573927144
206,0.01319015949082761,0.16420248165016677
207,0.013127454466180298,0.16418868944418719
208,0.013065308897699962,0.16417516277131508
209,0.013003715009344979,0.16416189546013557
210,0.012942665175142103,0.1641488815120067
211,0.01288215191547573,0.16413611509544113
212,0.012822167893488494,0.1641235905406905
213,0.012762705911588111,0.16411130233452526
214,0.012703758908057892,0.1640992451152016
215,0.012645319953766701,0.164087413667609
216,0.012587382248975569,0.16407580291859142
217,0.012529939120236849,0.16406440793243451
218,0.012472984017383622,0.16405322390651386
219,0.012416510510605973,0.16404224616709698
220,0.01236051228761113,0.1640314701652937
221,0.012304983150864696,0.16402089147314944
222,0.012249917014910676,0.16401050577987525
223,0.012195307903767015,0.16400030888821016
224,0.012141149948394781,0.1639902967109106
225,0.012087437384238328,0.16398046526736174
226,0.012034164548834016,0.16397081068030656
227,0.011981325879485376,0.1639613291726881
228,0.011928915911002763,0.16395201706460058
229,0.011876929273504989,0.16394287077034536
230,0.011825360690281396,0.16393388679558787
231,0.01177420497571211,0.1639250617346114
232,0.011723457033244842,0.16391639226766486
233,0.011673111853426163,0.16390787515840022
234,0.011623164511986202,0.16389950725139688
235,0.011573610167973852,0.1638912854697693
236,0.011524444061942642,0.1638832068128554
237,0.01147566151418375,0.16387526835398206
238,0.01142725792300652,0.16386746723830561
239,0.01137922876306356,0.16385980068072392
240,0.011331569583720091,0.16385226596385782
241,0.011284276007465462,0.16384486043609953
242,0.011237343728366047,0.1638375815097246
243,0.011190768510558087,0.16383042665906736
244,0.011144546186779087,0.16382339341875418
245,0.01109867265693703,0.16381647938199603
246,0.011053143886715638,0.16380968219893544
247,0.011007955906215604,0.16380299957504743
248,0.0109631048086295,0.16379642926959226
249,0.010918586748950328,0.16378996909411736
250,0.010874397942712284,0.16378361691100762
251,0.01083053466476286,0.16377737063208223
252,0.010786993248065545,0.16377122821723553
253,0.010743770082531804,0.1637651876731216
254,0.010700861613882031,0.1637592470518797
255,0.01065826434253416,0.1637534044499007
256,0.010615974822519608,0.16374765800663135
257,0.010573989660425163,0.16374200590341648
258,0.01053230551436081,0.16373644636237683
259,0.010490919092952054,0.16373097764532216
260,0.01044982715435651,0.1637255980526974
261,0.010409026505304012,0.1637203059225618
262,0.010368514000159349,0.16371509962959857
263,0.0103282865400072,0.16370997758415617
264,0.010288341071758729,0.16370493823131707
265,0.010248674587278864,0.16369998004999603
266,0.010209284122534143,0.16369510155206513
267,0.010170166756760404,0.16369030128150505
268,0.010131319611649436,0.16368557781358223
269,0.010092739850554651,0.1636809297540498
270,0.01005442467771485,0.16367635573837325
271,0.010016371337495807,0.16367185443097843
272,0.009978577113649058,0.16366742452452168
273,0.009941039328587191,0.1636630647391819
274,0.009903755342676226,0.16365877382197286
275,0.009866722553543044,0.1636545505460761
276,0.009829938395398863,0.16365039371019252
277,0.009793400338377625,0.16364630213791345
278,0.009757105887888902,0.16364227467710935
279,0.009721052583985524,0.16363831019933625
280,0.009685238000744478,0.16363440759925943
281,0.009649659745662086,0.1636305657940929
282,0.009614315459061879,0.16362678372305528
283,0.00957920281351554,0.163623060346841
284,0.009544319513276306,0.16361939464710623
285,0.009509663293724699,0.16361578562596948
286,0.009475231920826086,0.1636122323055257
287,0.009441023190599833,0.16360873372737433
288,0.009407034928599732,0.16360528895216034
289,0.009373264989405642,0.1636018970591277
290,0.009339711256125593,0.16359855714568552
291,0.009306371639908594,0.16359526832698557
292,0.00927324407946762,0.16359202973551182
293,0.009240326540612393,0.16358884052068076
294,0.009207617015792174,0.16358569984845298
295,0.009175113523647764,0.1635826069009542
296,0.009142814108572817,0.163579560876108
297,0.009110716840284397,0.163576560987277
298,0.009078819813401943,0.16357360646291433
299,0.009047121147035101,0.1635706965462241
300,0.009015618984379968,0.16356783049483095
301,0.008984311492323269,0.16356500758045805
302,0.008953196861054696,0.16356222708861382
303,0.008922273303686997,0.1635594883182867
304,0.008891539055883704,0.16355679058164785
305,0.008860992375494123,0.16355413320376147
306,0.008830631542195908,0.16355151552230274
307,0.008800454857144294,0.16354893688728295
308,0.008770460642628519,0.16354639666078147
309,0.008740647241734975,0.163543894216685
310,0.00871101301801689,0.16354142894043283
311,0.00868155635517041,0.16353900022876894
312,0.008652275656717057,0.1635366074895005
313,0.008623169345692306,0.16353425014126172
314,0.008594235864340142,0.1635319276132845
315,0.00856547367381358,0.16352963934517392
316,0.008536881253880711,0.16352738478669007
317,0.008508457102636527,0.1635251633975345
318,0.008480199736220311,0.16352297464714272
319,0.008452107688538065,0.16352081801448104
320,0.008424179510990502,0.16351869298784907
321,0.008396413772205815,0.16351659906468585
322,0.00836880905777785,0.16351453575138253
323,0.008341363970008842,0.16351250256309768
324,0.008314077127657126,0.16351049902357817
325,0.008286947165689333,0.16350852466498395
326,0.008259972735037337,0.163506579027717
327,0.008233152502359571,0.16350466166025449
328,0.008206485149806935,0.16350277211898578
329,0.008179969374792567,0.16350090996805317
330,0.008153603889766136,0.16349907477919656
331,0.008127387421992214,0.16349726613160157
332,0.008101318713332488,0.1634954836117515
333,0.008075396520032047,0.1634937268132823
334,0.008049619612509318,0.1634919953368411
335,0.008023986775150146,0.16349028878994812
336,0.007998496806105036,0.1634886067868615
337,0.007973148517090389,0.16348694894844543
338,0.007947940733193128,0.16348531490204107
339,0.007922872292678627,0.16348370428134076
340,0.007897942046802406,0.16348211672626434
341,0.007873148859624675,0.16348055188283928
342,0.007848491607828351,0.16347900940308266
343,0.007823969180540378,0.16347748894488603
344,0.007799580479155733,0.16347599017190317
345,0.007775324417165069,0.16347451275343972
346,0.0077511999199846365,0.16347305636434575
347,0.00772720592478969,0.16347162068491058
348,0.007703341380350627,0.1634702054007596
349,0.0076796052468715535,0.16346881020275392
350,0.007655996495832264,0.16346743478689166
351,0.007632514109832177,0.16346607885421183
352,0.007609157082437376,0.16346474211069972
353,0.007585924418030312,0.16346342426719496
354,0.0075628151316615025,0.16346212503930121
355,0.00753982824890429,0.1634608441472977
356,0.007516962805711617,0.163459581316053
357,0.007494217848275441,0.16345833627494039
358,0.007471592432888296,0.16345710875775482
359,0.007449085625807345,0.16345589850263226
360,0.007426696503120486,0.16345470525196987
361,0.007404424150614731,0.16345352875234873
362,0.0073822676636466755,0.16345236875445768
363,0.007360226147015337,0.1634512250130185
364,0.007338298714836686,0.16345009728671356
365,0.007316484490420467,0.16344898533811383
366,0.007294782606148925,0.16344788893360943
367,0.007273192203357615,0.1634468078433407
368,0.007251712432217824,0.16344574184113125
369,0.0072303424516212975,0.16344469070442244
370,0.007209081429066307,0.1634436542142085
371,0.007187928540546148,0.16344263215497395
372,0.0071668829704387435,0.1634416243146314
373,0.007145943911398604,0.1634406304844613
374,0.007125110564250017,0.16343965045905223
375,0.007104382137882075,0.16343868403624304
376,0.007083757849145713,0.16343773101706568
377,0.0070632369227515675,0.16343679120568952
378,0.007042818591170219,0.16343586440936625
379,0.007022502094533612,0.16343495043837664
380,0.00700228668053799,0.16343404910597745
381,0.006982171604348338,0.1634331602283505
382,0.006962156128504511,0.16343228362455137
383,0.006942239522828448,0.16343141911646034
384,0.006922421064333216,0.16343056652873356
385,0.006902700037133078,0.16342972568875544
386,0.006883075732355131,0.16342889642659197
387,0.006863547448052312,0.16342807857494465
388,0.006844114489117476,0.16342727196910603
389,0.006824776167199225,0.16342647644691494
390,0.006805531800618366,0.16342569184871375
391,0.006786380714286362,0.16342491801730594
392,0.006767322239624348,0.16342415479791417
393,0.006748355714483788,0.1634234020381397
394,0.006729480483068075,0.16342265958792232
395,0.006710695895855426,0.16342192729950106
396,0.0066920013095228366,0.1634212050273756
397,0.006673396086871337,0.16342049262826835
398,0.0066548795967519316,0.1634197899610876
399,0.006636451213993253,0.16341909688689102
400,0.006618110319329596,0.1634184132688496
401,0.006599856299330533,0.163417738972213
402,0.006581688546331313,0.16341707386427498
403,0.006563606458364206,0.16341641781433952
404,0.0065456094390911905,0.1634157706936876
405,0.006527696897737102,0.16341513237554503
406,0.006509868249024119,0.16341450273505
407,0.006492122913107191,0.1634138816492221
408,0.006474460315510089,0.16341326899693115
409,0.00645687988706272,0.1634126646588674
410,0.00643938106383911,0.16341206851751144
411,0.00642196328709631,0.16341148045710535
412,0.006404626003214326,0.16341090036362388
413,0.006387368663636599,0.1634103281247464
414,0.006370190724811628,0.16340976362982934
415,0.006353091648135203,0.16340920676987905
416,0.0063360708998935885,0.1634086574375252
417,0.006319127951207321,0.1634081155269946
418,0.00630226227797609,0.16340758093408564
419,0.006285473360824062,0.16340705355614282
420,0.0062687606850460945,0.16340653329203236
421,0.006252123740554855,0.16340602004211735
422,0.006235562021828315,0.16340551370823436
423,0.006219075027858381,0.16340501419366965
424,0.006202662262099894,0.16340452140313624
425,0.006186323232420438,0.16340403524275107
426,0.006170057451050985,0.1634035556200129
427,0.006153864434536928,0.16340308244378046
428,0.006137743703690057,0.16340261562425074
429,0.00612169478354095,0.16340215507293804
430,0.006105717203292247,0.16340170070265322
431,0.006089810496272323,0.16340125242748316
432,0.006073974199889725,0.1634008101627708
433,0.0060582078555882265,0.16340037382509556
434,0.006042511008802307,0.16339994333225363
435,0.006026883208913633,0.16339951860323937
436,0.006011324009207527,0.16339909955822637
437,0.0059958329668304755,0.1633986861185489
438,0.005980409642748189,0.16339827820668437
439,0.005965053601703926,0.16339787574623493
440,0.005949764412177505,0.1633974786619104
441,0.005934541646345044,0.16339708687951118
442,0.005919384880038914,0.163396700325911
443,0.0059042936927084936,0.16339631892904063
444,0.00588926766738116,0.16339594261787158
445,0.005874306390624117,0.1633955713223998
446,0.00585940945250639,0.1633952049736302
447,0.005844576446561602,0.16339484350356093
448,0.005829806969750925,0.16339448684516844
449,0.005815100622426911,0.1633941349323921
450,0.005800457008297353,0.1633937877001198
451,0.005785875734389879,0.16339344508417314
452,0.005771356411017032,0.16339310702129356
453,0.005756898651741607,0.16339277344912795
454,0.005742502073342481,0.1633924443062152
455,0.005728166295781069,0.16339211953197222
456,0.005713890942167944,0.16339179906668122
457,0.005699675638730025,0.16339148285147595
458,0.005685520014778165,0.16339117082832924
459,0.005671423702675166,0.16339086294004013
460,0.005657386337804081,0.16339055913022135
461,0.005643407558537049,0.1633902593432873
462,0.005629487006204445,0.16338996352444174
463,0.005615624325064485,0.16338967161966586
464,0.005601819162273099,0.16338938357570684
465,0.005588071167854394,0.16338909934006615
466,0.005574379994671056,0.16338881886098833
467,0.005560745298395645,0.1633885420874499
468,0.005547166737481917,0.1633882689691483
469,0.005533643973136539,0.1633879994564913
470,0.005520176669291274,0.16338773350058602
471,0.005506764492575303,0.1633874710532291
472,0.005493407112288145,0.16338721206689588
473,0.00548010420037267,0.16338695649473065
474,0.005466855431388565,0.16338670429053648
475,0.005453660482486177,0.1633864554087658
476,0.005440519033380461,0.1633862098045103
477,0.005427430766325499,0.16338596743349185
478,0.005414395366089077,0.16338572825205308
479,0.005401412519927818,0.16338549221714807
480,0.005388481917562533,0.16338525928633346
481,0.005375603251153598,0.16338502941775965
482,0.0053627762152771265,0.16338480257016189
483,0.005350000506900965,0.16338457870285172
484,0.005337275825361266,0.16338435777570864
485,0.0053246018723391705,0.16338413974917157
486,0.00531197835183796,0.16338392458423082
487,0.0052994049701602245,0.16338371224241985
488,0.005286881435885463,0.16338350268580756
489,0.005274407459847998,0.16338329587699024
490,0.0052619827551149585,0.16338309177908394
491,0.005249607036964712,0.16338289035571696
492,0.005237280022865447,0.1633826915710223
493,0.005225001432453986,0.1633824953896304
494,0.00521277098751501,0.16338230177666183
495,0.0052005884119602705,0.16338211069772016
496,0.005188453431808194,0.16338192211888508
497,0.00517636577516384,0.16338173600670522
498,0.005164325172198754,0.16338155232819176
499,0.005152331355131518,0.16338137105081146
500,0.005140384058207913,0.16338119214248004
501,0.0051284830176820196,0.16338101557155588
502,0.0051166279717968985,0.16338084130683356
503,0.0051048186607660076,0.1633806693175374
504,0.0050930548267543035,0.16338049957331566
505,0.00508133621386023,0.16338033204423405
506,0.005069662568097113,0.16338016670076982
507,0.005058033637375553,0.1633800035138061
508,0.005046449171485387,0.1633798424546258
509,0.0050349089220782855,0.16337968349490595
510,0.005023412642650222,0.16337952660671207
511,0.005011960088524471,0.16337937176249265
512,0.005000551016834496,0.16337921893507357
513,0.0049891851865072195,0.16337906809765285
514,0.004977862358246343,0.1633789192237952
515,0.0049665822945159505,0.16337877228742684
516,0.004955344759524438,0.1633786272628304
517,0.0049441495192081766,0.16337848412463984
518,0.004932996341215811,0.16337834284783528
519,0.004921884994892488,0.1633782034077383
520,0.004910815251264408,0.16337806578000705
521,0.0048997868830234215,0.1633779299406313
522,0.004888799664511753,0.16337779586592793
523,0.004877853371707162,0.16337766353253624
524,0.004866947782207959,0.16337753291741341
525,0.004856082675218337,0.16337740399782988
526,0.004845257831533814,0.16337727675136504
527,0.00483447303352698,0.16337715115590282
528,0.004823728065133115,0.16337702718962746
529,0.004813022711836247,0.1633769048310192
530,0.00480235676065521,0.16337678405885003
531,0.004791730000129811,0.16337666485217983
532,0.004781142220307388,0.1633765471903521
533,0.004770593212729235,0.16337643105299013
534,0.004760082770417181,0.1633763164199927
535,0.0047496106878607055,0.16337620327153088
536,0.004739176761003572,0.1633760915880436
537,0.004728780787231202,0.16337598135023412
538,0.004718422565357754,0.16337587253906638
539,0.004708101895613595,0.16337576513576132
540,0.004697818579632784,0.16337565912179322
541,0.004687572420440719,0.1633755544788862
542,0.004677363222441853,0.1633754511890108
543,0.004667190791407749,0.16337534923438043
544,0.0046570549344650165,0.1633752485974479
545,0.004646955460083462,0.16337514926090244
546,0.004636892178064383,0.16337505120766596
547,0.004626864899529058,0.1633749544208903
548,0.004616873436907193,0.16337485888395342
549,0.004606917603925615,0.16337476458045688
550,0.004596997215596978,0.16337467149422227
551,0.004587112088208708,0.16337457960928845
552,0.004577262039312071,0.1633744889099083
553,0.004567446887711113,0.16337439938054601
554,0.004557666453452101,0.1633743110058739
555,0.004547920557812668,0.1633742237707698
556,0.004538209023291442,0.16337413766031386
557,0.004528531673597401,0.16337405265978613
558,0.004518888333639796,0.16337396875466353
559,0.004509278829517701,0.16337388593061727
560,0.004499702988510066,0.16337380417351005
561,0.004490160639065492,0.1633737234693936
562,0.004480651610792621,0.16337364380450584
563,0.004471175734449967,0.16337356516526857
564,0.004461732841936539,0.16337348753828468
565,0.004452322766281929,0.1633734109103359
566,0.0044429453416370565,0.16337333526838008
567,0.004433600403264565,0.16337326059954915
568,0.0044242877875296125,0.16337318689114624
569,0.004415007331890535,0.16337311413064373
570,0.004405758874889807,0.16337304230568084
571,0.004396542256144934,0.1633729714040611
572,0.004387357316339548,0.16337290141375044
573,0.004378203897214501,0.16337283232287478
574,0.004369081841559055,0.16337276411971774
575,0.00435999099320237,0.16337269679271887
576,0.004350931197004583,0.1633726303304711
577,0.004341902298848721,0.16337256472171877
578,0.0043329041456318315,0.16337249995535577
579,0.004323936585256903,0.1633724360204231
580,0.004314999466624592,0.16337237290610723
581,0.00430609263962492,0.16337231060173804
582,0.004297215955129272,0.1633722490967867
583,0.00428836926498227,0.16337218838086393
584,0.004279552421993949,0.16337212844371785
585,0.004270765279931897,0.16337206927523248
586,0.004262007693513263,0.1633720108654256
587,0.004253279518397323,0.1633719532044471
588,0.004244580611177654,0.16337189628257703
589,0.004235910829374642,0.16337184009022399
590,0.004227270031427963,0.1633717846179232
591,0.004218658076689198,0.16337172985633505
592,0.0042100748254144975,0.16337167579624312
593,0.004201520138757262,0.16337162242855274
594,0.004192993878760996,0.16337156974428907
595,0.004184495908352105,0.16337151773459593
596,0.0041760260913329085,0.16337146639073366
597,0.004167584292374591,0.1633714157040779
598,0.004159170377010294,0.16337136566611796
599,0.00415078421162827,0.1633713162684552
600,0.004142425663465033,0.16337126750280162
601,0.004134094600598687,0.16337121936097826
602,0.004125790891942254,0.16337117183491384
603,0.0041175144072370055,0.16337112491664324
604,0.004109265017045987,0.16337107859830616
605,0.004101042592747538,0.1633710328721455
606,0.004092847006528815,0.16337098773050618
607,0.004084678131379511,0.16337094316583373
608,0.004076535841085538,0.1633708991706728
609,0.004068420010222708,0.16337085573766605
610,0.004060330514150669,0.16337081285955266
611,0.004052267229006771,0.163370770529167
612,0.004044230031699914,0.16337072873943762
613,0.0040362187999046575,0.16337068748338557
614,0.0040282334120551625,0.1633706467541237
615,0.004020273747339353,0.16337060654485472
616,0.004012339685693091,0.1633705668488708
617,0.004004431107794396,0.16337052765955173
618,0.003996547895057639,0.1633704889703641
619,0.003988689929627971,0.16337045077485984
620,0.003980857094375601,0.1633704130666755
621,0.003973049272890292,0.16337037583953076
622,0.003965266349475818,0.1633703390872275
623,0.003957508209144449,0.16337030280364853
624,0.0039497747376116684,0.16337026698275664
625,0.003942065821290601,0.1633702316185937
626,0.003934381347286817,0.16337019670527916
627,0.00392672120339312,0.1633701622370095
628,0.003919085278084141,0.16337012820805683
629,0.0039114734605113725,0.163370094612768
630,0.0039038856404978216,0.16337006144556376
631,0.003896321708533114,0.1633700287009376
632,0.0038887815557683584,0.16336999637345476
633,0.0038812650740111952,0.16336996445775145
634,0.0038737721557207745,0.16336993294853377
635,0.0038663026940030146,0.16336990184057673
636,0.003858856582605583,0.16336987112872353
637,0.0038514337159131673,0.1633698408078845
638,0.003844033988942729,0.1633698108730362
639,0.0038366572973386587,0.16336978131922064
640,0.003829303537368259,0.16336975214154434
641,0.0038219726059169146,0.1633697233351775
642,0.0038146644004837405,0.16336969489535313
643,0.0038073788191767327,0.16336966681736628
644,0.0038001157607084664,0.16336963909657315
645,0.0037928751243915667,0.16336961172839032
646,0.003785656810134155,0.1633695847082939
647,0.0037784607184356963,0.1633695580318188
648,0.0037712867503823452,0.16336953169455798
649,0.00376413480764286,0.1633695056921614
650,0.0037570047924641715,0.1633694800203359
651,0.003749896607667274,0.1633694546748437
652,0.0037428101566428598,0.1633694296515021
653,0.003735745343347283,0.16336940494618282
654,0.0037287020722983444,0.16336938055481087
655,0.003721680248571224,0.16336935647336437
656,0.003714679777794433,0.16336933269787338
657,0.0037077005661457626,0.16336930922441947
658,0.003700742520348327,0.16336928604913512
659,0.0036938055476665546,0.1633692631682027
660,0.0036868895559022934,0.1633692405778541
661,0.003679994453390977,0.16336921827437018
662,0.003673120148997654,0.16336919625407975
663,0.0036662665521132692,0.16336917451335922
664,0.0036594335726508366,0.16336915304863187
665,0.0036526211210417088,0.16336913185636723
666,0.0036458291082318074,0.16336911093308062
667,0.0036390574456779718,0.16336909027533233
668,0.0036323060453443442,0.16336906987972719
669,0.003625574819698607,0.16336904974291372
670,0.0036188636817085095,0.16336902986158408
671,0.0036121725448382998,0.16336901023247294
672,0.003605501323045092,0.16336899085235726
673,0.00359884993077549,0.1633689717180555
674,0.0035922182829619914,0.16336895282642744
675,0.0035856062950196605,0.1633689341743732
676,0.003579013882842613,0.16336891575883292
677,0.0035724409628006995,0.16336889757678644
678,0.0035658874517361092,0.1633688796252523
679,0.0035593532669600746,0.16336886190128763
680,0.0035528383262494593,0.16336884440198765
681,0.003546342547843761,0.1633688271244848
682,0.003539865850441469,0.16336881006594867
683,0.0035334081531972115,0.16336879322358513
684,0.003526969375718322,0.16336877659463636
685,0.003520549438061834,0.16336876017637983
686,0.003514148260731214,0.16336874396612813
687,0.003507765764673383,0.16336872796122864
688,0.0035014018712754766,0.16336871215906268
689,0.0034950565023619245,0.1633686965570454
690,0.003488729580191349,0.16336868115262515
691,0.00348242102745357,0.16336866594328328
692,0.003476130767266584,0.16336865092653335
693,0.0034698587231737276,0.1633686360999211
694,0.003463604819140574,0.1633686214610237
695,0.003457368979552149,0.16336860700744957
696,0.0034511511292099803,0.16336859273683782
697,0.003444951193329274,0.163368578646858
698,0.0034387690975360755,0.16336856473520953
699,0.0034326047678643968,0.1633685509996214
700,0.0034264581307535103,0.16336853743785185
701,0.0034203291130450787,0.1633685240476879
702,0.003414217641980569,0.163368510826945
703,0.0034081236451982983,0.1633684977734666
704,0.0034020470507310015,0.16336848488512393
705,0.003395987787002864,0.16336847215981556
706,0.0033899457828271357,0.16336845959546692
707,0.00338392096740329,0.16336844719003013
708,0.00337791327031454,0.1633684349414836
709,0.003371922621525183,0.16336842284783176
710,0.003365948951377998,0.16336841090710447
711,0.003359992190591807,0.16336839911735698
712,0.003354052270258848,0.16336838747666949
713,0.003348129121842267,0.16336837598314669
714,0.0033422226771736836,0.16336836463491775
715,0.0033363328684506573,0.1633683534301357
716,0.003330459628234331,0.16336834236697723
717,0.0033246028894468537,0.16336833144364243
718,0.0033187625853691454,0.1633683206583545
719,0.0033129386496383345,0.16336831000935936
720,0.003307131016245536,0.16336829949492537
721,0.0033013396195333677,0.1633682891133431
722,0.003295564394193742,0.163368278862925
723,0.0032898052752653967,0.16336826874200513
724,0.0032840621981318095,0.16336825874893887
725,0.003278335098518666,0.1633682488821026
726,0.003272623912491798,0.16336823913989365
727,0.003266928576454849,0.16336822952072957
728,0.003261249027147065,0.1633682200230485
729,0.0032555852016411197,0.16336821064530818
730,0.0032499370373408804,0.16336820138598643
731,0.00324430447197916,0.16336819224358035
732,0.003238687443615813,0.16336818321660618
733,0.003233085890635298,0.16336817430359934
734,0.0032274997517447463,0.16336816550311375
735,0.003221928965971787,0.1633681568137221
736,0.0032163734726624914,0.16336814823401494
737,0.0032108332114792124,0.16336813976260117
738,0.003205308122398672,0.16336813139810727
739,0.0031997981457098043,0.16336812313917737
740,0.003194303222011778,0.16336811498447273
741,0.003188823292211945,0.163368106932672
742,0.003183358297523911,0.1633680989824704
743,0.0031779081794655224,0.16336809113258005
744,0.0031724728798569056,0.16336808338172934
745,0.0031670523408185215,0.16336807572866305
746,0.0031616465047692045,0.16336806817214175
747,0.0031562553144243413,0.16336806071094204
748,0.0031508787127938064,0.163368053343856
749,0.0031455166431802357,0.16336804606969135
750,0.00314016904917708,0.1633680388872705
751,0.003134835874666692,0.1633680317954315
752,0.0031295170638186084,0.1633680247930268
753,0.0031242125610876073,0.16336801787892363
754,0.0031189223112119274,0.1633680110520037
755,0.003113646259211531,0.1633680043111628
756,0.003108384350386195,0.16336799765531101
757,0.0031031365303137936,0.16336799108337213
758,0.0030979027448485865,0.1633679845942838
759,0.003092682940119368,0.16336797818699714
760,0.003087477062527811,0.16336797186047658
761,0.0030822850587467285,0.1633679656136998
762,0.003077106875718333,0.1633679594456575
763,0.003071942460652587,0.16336795335535323
764,0.0030667917610254433,0.16336794734180332
765,0.003061654724577285,0.16336794140403632
766,0.003056531299311187,0.16336793554109344
767,0.003051421433491263,0.16336792975202807
768,0.0030463250756411066,0.1633679240359055
769,0.0030412421745420752,0.1633679183918031
770,0.003036172679231748,0.1633679128188098
771,0.003031116539002358,0.16336790731602618
772,0.003026073703399057,0.1633679018825644
773,0.003021044122218524,0.16336789651754763
774,0.003016027745507333,0.1633678912201105
775,0.003011024523560309,0.1633678859893984
776,0.0030060344069191623,0.16336788082456782
777,0.003001057346370824,0.1633678757247857
778,0.002996093292946028,0.16336787068922987
779,0.0029911421979176706,0.16336786571708828
780,0.0029862040127995224,0.16336786080755952
781,0.002981278689344543,0.1633678559598522
782,0.0029763661795435084,0.16336785117318492
783,0.002971466435623593,0.16336784644678642
784,0.002966579410046797,0.16336784177989508
785,0.0029617050555086123,0.16336783717175896
786,0.0029568433249365566,0.1633678326216358
787,0.002951994171488759,0.16336782812879255
788,0.002947157548552536,0.16336782369250571
789,0.002942333409743019,0.1633678193120608
790,0.002937521708901745,0.1633678149867524
791,0.0029327224000952855,0.16336781071588422
792,0.0029279354376139668,0.16336780649876867
793,0.002923160775970277,0.16336780233472692
794,0.002918398369897812,0.1633677982230887
795,0.0029136481743497287,0.1633677941631924
796,0.0029089101444975418,0.16336779015438466
797,0.0029041842357296938,0.1633677861960204
798,0.002899470403650339,0.16336778228746288
799,0.0028947686040780222,0.1633677784280833
800,0.002890078793044328,0.1633677746172609
801,0.0028854009267927053,0.16336777085438273
802,0.002880734961777131,0.16336776713884368
803,0.0028760808546608348,0.1633677634700463
804,0.0028714385623151055,0.16336775984740065
805,0.0028668080418179434,0.16336775627032446
806,0.0028621892504529928,0.16336775273824253
807,0.0028575821457081305,0.1633677492505873
808,0.002852986685274398,0.1633677458067981
809,0.0028484028270446857,0.16336774240632157
810,0.0028438305291126134,0.16336773904861135
811,0.00283926974977128,0.1633677357331278
812,0.002834720447512085,0.16336773245933844
813,0.002830182581023618,0.16336772922671722
814,0.002825656109190417,0.16336772603474498
815,0.0028211409910918555,0.16336772288290902
816,0.0028166371860009433,0.16336771977070322
817,0.0028121446533832498,0.16336771669762773
818,0.002807663352895772,0.16336771366318928
819,0.002803193244385698,0.16336771066690056
820,0.002798734287889433,0.16336770770828055
821,0.0027942864436313773,0.16336770478685442
822,0.0027898496720229057,0.16336770190215322
823,0.0027854239336612516,0.16336769905371396
824,0.0027810091893283326,0.16336769624107958
825,0.0027766053999898335,0.1633676934637987
826,0.0027722125267940307,0.16336769072142585
827,0.0027678305310706716,0.1633676880135208
828,0.002763459374330116,0.1633676853396494
829,0.0027590990182620526,0.16336768269938268
830,0.002754749424734609,0.16336768009229702
831,0.0027504105557933163,0.16336767751797449
832,0.0027460823736599914,0.16336767497600213
833,0.002741764840731779,0.16336767246597245
834,0.002737457919580123,0.1633676699874829
835,0.0027331615729497736,0.16336766754013615
836,0.0027288757637578174,0.16336766512353984
837,0.0027246004550925233,0.16336766273730668
838,0.002720335610212613,0.1633676603810541
839,0.0027160811925461,0.16336765805440454
840,0.0027118371656893766,0.16336765575698503
841,0.0027076034934061847,0.16336765348842752
842,0.0027033801396268106,0.16336765124836847
843,0.002699167068446935,0.163367649036449
844,0.00269496424412686,0.16336764685231478
845,0.0026907716310904484,0.16336764469561588
846,0.0026865891939242786,0.1633676425660068
847,0.0026824168973766474,0.1633676404631465
848,0.002678254706356699,0.16336763838669816
849,0.002674102585933514,0.1633676363363293
850,0.0026699605013351243,0.16336763431171153
851,0.002665828417947743,0.1633676323125207
852,0.0026617063013147165,0.16336763033843674
853,0.0026575941171358094,0.16336762838914357
854,0.0026534918312661835,0.16336762646432915
855,0.002649399409715495,0.16336762456368537
856,0.0026453168186471986,0.16336762268690805
857,0.0026412440243775517,0.16336762083369674
858,0.0026371809933747607,0.16336761900375496
859,0.002633127692258132,0.1633676171967898
860,0.0026290840877972693,0.16336761541251213
861,0.0026250501469112127,0.1633676136506365
862,0.0026210258366675255,0.16336761191088095
863,0.002617011124281605,0.16336761019296725
864,0.0026130059771157497,0.16336760849662046
865,0.002609010362678377,0.16336760682156942
866,0.0026050242486231807,0.16336760516754603
867,0.002601047602748349,0.16336760353428587
868,0.0025970803929957925,0.16336760192152766
869,0.0025931225874502974,0.16336760032901357
870,0.002589174154338693,0.16336759875648893
871,0.0025852350620291643,0.16336759720370225
872,0.0025813052790304505,0.16336759567040537
873,0.0025773847739909684,0.1633675941563531
874,0.002573473515698143,0.16336759266130338
875,0.002569571473077624,0.16336759118501729
876,0.002565678615192508,0.1633675897272588
877,0.0025617949112425316,0.16336758828779493
878,0.0025579203305634577,0.16336758686639563
879,0.0025540548426261464,0.1633675854628338
880,0.00255019841703599,0.1633675840768851
881,0.0025463510235320405,0.16336758270832805
882,0.002542512631986357,0.16336758135694404
883,0.0025386832124032086,0.1633675800225171
884,0.002534862734918496,0.1633675787048341
885,0.002531051169798848,0.16336757740368454
886,0.002527248487440988,0.16336757611886055
887,0.002523454658371079,0.16336757485015685
888,0.0025196696532439537,0.16336757359737095
889,0.0025158934428424215,0.1633675723603026
890,0.002512125998076602,0.16336757113875433
891,0.002508367289983209,0.1633675699325311
892,0.002504617289724862,0.16336756874144023
893,0.0025008759685894552,0.16336756756529153
894,0.0024971432979893913,0.16336756640389727
895,0.002493419249461016,0.16336756525707194
896,0.0024897037946638445,0.16336756412463257
897,0.0024859969053799935,0.16336756300639832
898,0.0024822985535134113,0.16336756190219068
899,0.0024786087110893295,0.1633675608118334
900,0.002474927350253588,0.16336755973515243
901,0.002471254443271931,0.16336755867197597
902,0.002467589962529415,0.16336755762213434
903,0.002463933880529767,0.16336755658546004
904,0.0024602861698947067,0.16336755556178756
905,0.0024566468033633887,0.1633675545509536
906,0.0024530157537917046,0.16336755355279683
907,0.0024493929941517604,0.1633675525671581
908,0.002445778497531075,0.16336755159388006
909,0.002442172237132204,0.16336755063280747
910,0.002438574186271912,0.16336754968378703
911,0.0024349843183806914,0.16336754874666737
912,0.0024314026070021586,0.16336754782129898
913,0.0024278290257924214,0.1633675469075343
914,0.0024242635485194008,0.1633675460052275
915,0.0024207061490624537,0.1633675451142348
916,0.002417156801411571,0.16336754423441405
917,0.002413615479666879,0.16336754336562495
918,0.002410082158038133,0.16336754250772897
919,0.002406556810844015,0.16336754166058928
920,0.0024030394125115857,0.16336754082407087
921,0.0023995299375758204,0.16336753999804038
922,0.0023960283606788784,0.16336753918236604
923,0.002392534656569697,0.1633675383769179
924,0.0023890488001033342,0.1633675375815675
925,0.0023855707662404657,0.16336753679618804
926,0.002382100530046768,0.16336753602065443
927,0.002378638066692471,0.163367535254843
928,0.0023751833514516867,0.1633675344986316
929,0.002371736359701969,0.16336753375189988
930,0.0023682970669237965,0.16336753301452872
931,0.002364865448699874,0.1633675322864007
932,0.002361441480714808,0.16336753156739972
933,0.002358025138754425,0.1633675308574112
934,0.0023546163987053525,0.16336753015632208
935,0.002351215236554383,0.16336752946402058
936,0.0023478216283880486,0.1633675287803965
937,0.0023444355503921465,0.16336752810534075
938,0.0023410569788510373,0.16336752743874602
939,0.002337685890147341,0.16336752678050595
940,0.002334322260761335,0.16336752613051572
941,0.0023309660672704425,0.1633675254886718
942,0.002327617286348756,0.16336752485487196
943,0.0023242758947665905,0.16336752422901532
944,0.0023209418693898877,0.1633675236110021
945,0.0023176151871797945,0.16336752300073387
946,0.002314295825192144,0.16336752239811358
947,0.0023109837605770063,0.16336752180304506
948,0.0023076789705782194,0.1633675212154337
949,0.002304381432532802,0.16336752063518586
950,0.0023010911238706072,0.1633675200622092
951,0.0022978080221137762,0.16336751949641243
952,0.0022945321048763257,0.16336751893770554
953,0.0022912633498636007,0.16336751838599953
954,0.0022880017348718934,0.16336751784120654
955,0.0022847472377879093,0.1633675173032399
956,0.0022814998365883895,0.16336751677201392
957,0.0022782595093395414,0.16336751624744406
958,0.0022750262341967235,0.16336751572944685
959,0.002271799989403925,0.16336751521793977
960,0.0022685807532932287,0.16336751471284144
961,0.0022653685042845844,0.1633675142140715
962,0.00226216322088513,0.16336751372155053
963,0.0022589648816889285,0.16336751323520013
964,0.002255773465376447,0.163367512754943
965,0.002252588950714128,0.16336751228070256
966,0.002249411316554022,0.16336751181240344
967,0.0022462405418332203,0.1633675113499711
968,0.0022430766055736105,0.16336751089333199
969,0.002239919486881256,0.1633675104424134
970,0.002236769164946188,0.1633675099971436
971,0.002233625619041804,0.16336750955745183
972,0.0022304888285245186,0.16336750912326797
973,0.002227358772833415,0.16336750869452313
974,0.0022242354314897196,0.16336750827114896
975,0.0022211187840964746,0.16336750785307813
976,0.0022180088103380792,0.16336750744024423
977,0.002214905489979952,0.1633675070325815
978,0.0022118088028680602,0.16336750663002514
979,0.0022087187289285366,0.16336750623251106
980,0.0022056352481673504,0.16336750583997614
981,0.0022025583406698117,0.16336750545235781
982,0.0021994879866002208,0.1633675050695946
983,0.0021964241662015193,0.16336750469162548
984,0.0021933668597948377,0.16336750431839037
985,0.002190316047779156,0.16336750394983002
986,0.002187271710630909,0.16336750358588564
987,0.0021842338289035854,0.16336750322649954
988,0.0021812023832273597,0.16336750287161447
989,0.002178177354308743,0.16336750252117402
990,0.0021751587229302174,0.1633675021751225
991,0.0021721464699497317,0.16336750183340487
992,0.002169140576300556,0.16336750149596674
993,0.0021661410229907195,0.16336750116275459
994,0.0021631477911027135,0.16336750083371535
995,0.0021601608617931927,0.1633675005087967
996,0.0021571802162925237,0.16336750018794702
997,0.002154205835904437,0.1633674998711153
998,0.002151237702005711,0.16336749955825122
999,0.0021482757960458202,0.163367499249305
1000,0.002145320099546518,0.16336749894422753
1001,0.0021423705941015746,0.16336749864297032
1002,0.002139427261376294,0.16336749834548553
1003,0.0021364900831073817,0.16336749805172587
1004,0.00213355904110237,0.16336749776164455
1005,0.0021306341172394466,0.1633674974751956
1006,0.0021277152934670025,0.16336749719233343
1007,0.0021248025518033507,0.1633674969130131
1008,0.0021218958743363836,0.16336749663719027
1009,0.0021189952432232374,0.16336749636482098
1010,0.002116100640689927,0.16336749609586207
1011,0.002113212049031072,0.1633674958302708
1012,0.00211032945060951,0.1633674955680049
1013,0.002107452827856023,0.16336749530902273
1014,0.0021045821632689828,0.16336749505328307
1015,0.002101717439414017,0.16336749480074542
1016,0.00209885863892369,0.16336749455136962
1017,0.002096005744497214,0.163367494305116
1018,0.0020931587389001246,0.16336749406194542
1019,0.0020903176049639383,0.1633674938218193
1020,0.002087482325585839,0.16336749358469949
1021,0.002084652883728394,0.16336749335054832
1022,0.002081829262419231,0.1633674931193286
1023,0.002079011444750741,0.16336749289100355
1024,0.0020761994138796982,0.16336749266553696
1025,0.0020733931530270747,0.16336749244289298
1026,0.002070592645477675,0.1633674922230363
1027,0.002067797874579759,0.16336749200593187
1028,0.0020650088237449413,0.16336749179154536
1029,0.0020622254764476556,0.1633674915798427
1030,0.002059447816225003,0.16336749137079015
1031,0.0020566758266764894,0.16336749116435456
1032,0.002053909491463577,0.1633674909605032
1033,0.0020511487943095175,0.1633674907592037
1034,0.0020483937189990664,0.163367490560424
1035,0.0020456442493780903,0.16336749036413262
1036,0.0020429003693534153,0.16336749017029834
1037,0.0020401620628924086,0.1633674899788904
1038,0.0020374293140227834,0.16336748978987833
1039,0.002034702106832288,0.16336748960323227
1040,0.0020319804254684544,0.1633674894189225
1041,0.0020292642541382645,0.16336748923691974
1042,0.0020265535771078914,0.1633674890571951
1043,0.0020238483787024786,0.16336748887972005
1044,0.0020211486433057793,0.16336748870446646
1045,0.00201845435535996,0.1633674885314064
1046,0.002015765499365247,0.1633674883605125
1047,0.0020130820598797733,0.1633674881917575
1048,0.002010404021519174,0.1633674880251148
1049,0.0020077313689564136,0.1633674878605578
1050,0.002005064086921506,0.1633674876980604
1051,0.0020024021602012567,0.1633674875375968
1052,0.001999745573638899,0.16336748737914153
1053,0.0019970943121340305,0.16336748722266953
1054,0.00199444836064213,0.16336748706815585
1055,0.0019918077041744813,0.163367486915576
1056,0.001989172327797843,0.16336748676490576
1057,0.001986542216634152,0.1633674866161212
1058,0.0019839173558603724,0.1633674864691987
1059,0.0019812977307081237,0.163367486324115
1060,0.0019786833264635114,0.16336748618084704
1061,0.001976074128466855,0.16336748603937204
1062,0.001973470122112477,0.1633674858996676
1063,0.001970871292848348,0.16336748576171156
1064,0.001968277626175966,0.16336748562548192
1065,0.0019656891076500617,0.1633674854909572
1066,0.001963105722878295,0.16336748535811593
1067,0.0019605274575211426,0.16336748522693714
1068,0.001957954297291557,0.1633674850973999
1069,0.0019553862279547128,0.16336748496948375
1070,0.00195282323532792,0.16336748484316835
1071,0.0019502653052801409,0.16336748471843363
1072,0.001947712423732031,0.16336748459525988
1073,0.0019451645766554735,0.16336748447362745
1074,0.001942621750073471,0.16336748435351714
1075,0.0019400839300599349,0.16336748423490982
1076,0.0019375511027393188,0.1633674841177867
1077,0.0019350232542865301,0.16336748400212917
1078,0.0019325003709266477,0.16336748388791889
1079,0.0019299824389347093,0.16336748377513782
1080,0.0019274694446354047,0.16336748366376794
1081,0.001924961374403034,0.16336748355379166
1082,0.0019224582146610816,0.16336748344519153
1083,0.0019199599518821206,0.16336748333795026
1084,0.0019174665725875551,0.16336748323205091
1085,0.001914978063347397,0.16336748312747662
1086,0.0019124944107800673,0.16336748302421084
1087,0.0019100156015521817,0.1633674829222372
1088,0.001907541622378298,0.16336748282153948
1089,0.0019050724600206933,0.16336748272210178
1090,0.0019026081012892763,0.1633674826239082
1091,0.0019001485330411667,0.16336748252694328
1092,0.0018976937421806834,0.1633674824311916
1093,0.001895243715659011,0.16336748233663792
1094,0.0018927984404740691,0.16336748224326736
1095,0.0018903579036701798,0.16336748215106497
1096,0.001887922092338067,0.16336748206001625
1097,0.0018854909936144091,0.16336748197010667
1098,0.0018830645946818466,0.1633674818813221
1099,0.0018806428827686532,0.16336748179364827
1100,0.001878225845148561,0.16336748170707138
1101,0.001875813469140599,0.16336748162157771
1102,0.0018734057421088198,0.16336748153715364
1103,0.001871002651462181,0.16336748145378585
1104,0.0018686041846542754,0.16336748137146107
1105,0.0018662103291831836,0.1633674812901663
1106,0.0018638210725912755,0.1633674812098886
1107,0.0018614364024649953,0.16336748113061528
1108,0.0018590563064346457,0.16336748105233365
1109,0.0018566807721742623,0.16336748097503143
1110,0.0018543097874013487,0.16336748089869632
1111,0.001851943339876769,0.1633674808233162
1112,0.0018495814174044577,0.16336748074887913
1113,0.0018472240078313013,0.16336748067537332
1114,0.0018448710990469409,0.1633674806027871
1115,0.001842522678983582,0.16336748053110894
1116,0.0018401787356157927,0.1633674804603275
1117,0.001837839256960311,0.16336748039043159
1118,0.001835504231075931,0.16336748032141
1119,0.001833173646063193,0.16336748025325193
1120,0.0018308474900643702,0.16336748018594655
1121,0.001828525751263108,0.1633674801194831
1122,0.0018262084178843631,0.16336748005385107
1123,0.0018238954781942163,0.16336747998904017
1124,0.0018215869204996427,0.16336747992503997
1125,0.001819282733148379,0.16336747986184044
1126,0.0018169829045286885,0.16336747979943148
1127,0.0018146874230692874,0.16336747973780322
1128,0.0018123962772390698,0.16336747967694593
1129,0.0018101094555469741,0.16336747961684986
1130,0.0018078269465418525,0.1633674795575056
1131,0.0018055487388121722,0.1633674794989037
1132,0.0018032748209860251,0.16336747944103483
1133,0.0018010051817308058,0.1633674793838899
1134,0.0017987398097531132,0.16336747932745976
1135,0.001796478693798548,0.1633674792717355
1136,0.0017942218226516089,0.16336747921670833
1137,0.0017919691851354387,0.16336747916236943
1138,0.001789720770111708,0.1633674791087103
1139,0.001787476566480484,0.16336747905572233
1140,0.0017852365631799564,0.16336747900339718
1141,0.001783000749186406,0.16336747895172654
1142,0.0017807691135139638,0.16336747890070227
1143,0.0017785416452144557,0.16336747885031622
1144,0.0017763183333772518,0.16336747880056043
1145,0.001774099167129112,0.16336747875142696
1146,0.0017718841356340173,0.16336747870290808
1147,0.0017696732280930289,0.16336747865499615
1148,0.0017674664337441214,0.16336747860768341
1149,0.0017652637418619954,0.16336747856096254
1150,0.0017630651417579618,0.16336747851482603
1151,0.0017608706227797994,0.1633674784692666
1152,0.0017586801743115165,0.163367478424277
1153,0.001756493785773315,0.16336747837985016
1154,0.0017543114466213503,0.163367478335979
1155,0.001752133146347619,0.1633674782926566
1156,0.0017499588744797811,0.16336747824987605
1157,0.001747788620581041,0.16336747820763056
1158,0.0017456223742499737,0.16336747816591346
1159,0.0017434601251203692,0.1633674781247182
1160,0.0017413018628611439,0.1633674780840381
1161,0.0017391475771760755,0.1633674780438669
1162,0.0017369972578038155,0.16336747800419799
1163,0.0017348508945175991,0.16336747796502538
1164,0.0017327084771251475,0.16336747792634265
1165,0.0017305699954685888,0.16336747788814376
1166,0.0017284354394242266,0.16336747785042263
1167,0.0017263047989024142,0.16336747781317326
1168,0.0017241780638474447,0.1633674777763898
1169,0.0017220552242374007,0.1633674777400664
1170,0.0017199362700840025,0.1633674777041973
1171,0.0017178211914324597,0.1633674776687768
1172,0.001715709978361324,0.16336747763379927
1173,0.0017136026209824172,0.16336747759925918
1174,0.0017114991094406193,0.16336747756515113
1175,0.0017093994339137351,0.16336747753146966
1176,0.0017073035846124054,0.1633674774982094
1177,0.0017052115517799417,0.16336747746536515
1178,0.001703123325692196,0.16336747743293162
1179,0.001701038896657416,0.16336747740090377
1180,0.0016989582550160968,0.1633674773692765
1181,0.001696881391140913,0.16336747733804474
1182,0.001694808295436527,0.16336747730720355
1183,0.0016927389583394346,0.1633674772767481
1184,0.0016906733703179156,0.16336747724667355
1185,0.0016886115218718624,0.1633674772169751
1186,0.0016865534035326135,0.16336747718764807
1187,0.0016844990058628691,0.16336747715868777
1188,0.0016824483194565728,0.1633674771300897
1189,0.0016804013349386998,0.1633674771018493
1190,0.0016783580429652544,0.16336747707396204
1191,0.0016763184342230503,0.16336747704642354
1192,0.0016742824994296153,0.1633674770192294
1193,0.0016722502293330544,0.1633674769923754
1194,0.0016702216147119488,0.1633674769658572
1195,0.0016681966463752069,0.16336747693967069
1196,0.001666175315161951,0.16336747691381162
1197,0.0016641576119413753,0.1633674768882759
1198,0.0016621435276126726,0.16336747686305952
1199,0.0016601330531048513,0.16336747683815858
1200,0.001658126179376661,0.163367476813569
1201,0.001656122897416431,0.1633674767892869
1202,0.0016541231982419805,0.16336747676530847
1203,0.0016521270729005324,0.1633674767416299
1204,0.0016501345124684819,0.16336747671824747
1205,0.0016481455080513843,0.1633674766951574
1206,0.0016461600507838034,0.1633674766723561
1207,0.0016441781318291648,0.16336747664983997
1208,0.0016421997423797336,0.16336747662760534
1209,0.0016402248736563292,0.16336747660564882
1210,0.001638253516908386,0.16336747658396683
1211,0.0016362856634137334,0.16336747656255607
1212,0.0016343213044785311,0.16336747654141293
1213,0.0016323604314371196,0.16336747652053424
1214,0.0016304030356519008,0.16336747649991662
1215,0.0016284491085132877,0.16336747647955685
1216,0.0016264986414395329,0.16336747645945165
1217,0.0016245516258766148,0.1633674764395979
1218,0.0016226080532981686,0.16336747641999244
1219,0.0016206679152053558,0.16336747640063207
1220,0.0016187312031267283,0.1633674763815138
1221,0.0016167979086181606,0.16336747636263466
1222,0.001614868023262721,0.16336747634399157
1223,0.0016129415386705434,0.1633674763255816
1224,0.0016110184464787367,0.16336747630740184
1225,0.0016090987383513254,0.1633674762894494
1226,0.001607182405979038,0.1633674762717215
1227,0.0016052694410792765,0.1633674762542152
1228,0.001603359835396044,0.16336747623692782
1229,0.0016014535806997128,0.16336747621985667
1230,0.0015995506687870105,0.163367476202999
1231,0.0015976510914809219,0.16336747618635206
1232,0.0015957548406305556,0.16336747616991332
1233,0.0015938619081110517,0.16336747615368014
1234,0.0015919722858234613,0.1633674761376499
1235,0.0015900859656946353,0.16336747612182012
1236,0.0015882029396771936,0.1633674761061883
1237,0.0015863231997493286,0.1633674760907519
1238,0.0015844467379147887,0.16336747607550858
1239,0.0015825735462026702,0.16336747606045582
1240,0.001580703616667462,0.1633674760455913
1241,0.0015788369413888362,0.16336747603091265
1242,0.0015769735124715396,0.16336747601641752
1243,0.001575113322045408,0.1633674760021036
1244,0.0015732563622651594,0.16336747598796877
1245,0.001571402625310318,0.16336747597401063
1246,0.001569552103385154,0.163367475960227
1247,0.0015677047887185495,0.16336747594661571
1248,0.0015658606735639098,0.1633674759331747
1249,0.0015640197501991257,0.16336747591990167
1250,0.0015621820109263476,0.1633674759067946
1251,0.001560347448072023,0.16336747589385142
1252,0.0015585160539867415,0.16336747588107012
1253,0.0015566878210451136,0.1633674758684486
1254,0.0015548627416457367,0.16336747585598493
1255,0.0015530408082110704,0.16336747584367706
1256,0.0015512220131873528,0.16336747583152308
1257,0.0015494063490445048,0.16336747581952113
1258,0.0015475938082760048,0.16336747580766917
1259,0.001545784383398867,0.16336747579596544
1260,0.0015439780669534967,0.16336747578440808
1261,0.0015421748515036147,0.16336747577299518
1262,0.0015403747296361366,0.163367475761725
1263,0.0015385776939611739,0.1633674757505957
1264,0.0015367837371118263,0.1633674757396056
1265,0.0015349928517441897,0.16336747572875293
1266,0.0015332050305372094,0.16336747571803586
1267,0.0015314202661925974,0.16336747570745286
1268,0.0015296385514347681,0.16336747569700216
1269,0.001527859879010766,0.16336747568668217
1270,0.0015260842416901057,0.16336747567649113
1271,0.0015243116322647345,0.1633674756664276
1272,0.0015225420435489815,0.16336747565648985
1273,0.0015207754683794151,0.1633674756466764
1274,0.0015190118996147666,0.16336747563698556
1275,0.001517251330135839,0.16336747562741594
1276,0.0015154937528454836,0.163367475617966
1277,0.0015137391606684387,0.16336747560863413
1278,0.0015119875465512585,0.163367475599419
1279,0.0015102389034622869,0.16336747559031906
1280,0.0015084932243915206,0.16336747558133285
1281,0.0015067505023505206,0.16336747557245912
1282,0.0015050107303723763,0.16336747556369624
1283,0.001503273901511556,0.1633674755550429
1284,0.0015015400088439373,0.1633674755464978
1285,0.0014998090454665758,0.16336747553805955
1286,0.0014980810044977553,0.1633674755297268
1287,0.0014963558790768272,0.16336747552149822
1288,0.0014946336623641817,0.1633674755133725
1289,0.001492914347541127,0.1633674755053484
1290,0.0014911979278098139,0.1633674754974246
1291,0.0014894843963932033,0.1633674754895999
1292,0.0014877737465349174,0.16336747548187303
1293,0.001486065971499212,0.16336747547424268
1294,0.0014843610645709148,0.16336747546670782
1295,0.001482659019055263,0.16336747545926716
1296,0.0014809598282779332,0.16336747545191949
1297,0.0014792634855848332,0.16336747544466376
1298,0.0014775699843422056,0.16336747543749866
1299,0.001475879317936382,0.16336747543042315
1300,0.0014741914797737653,0.1633674754234361
1301,0.0014725064632808106,0.1633674754165364
1302,0.0014708242619038746,0.16336747540972302
1303,0.0014691448691091622,0.1633674754029948
1304,0.0014674682783826832,0.16336747539635071
1305,0.0014657944832301335,0.1633674753897896
1306,0.0014641234771768283,0.16336747538331062
1307,0.001462455253767676,0.1633674753769126
1308,0.0014607898065670413,0.1633674753705946
1309,0.0014591271291587034,0.16336747536435553
1310,0.0014574672151458007,0.16336747535819454
1311,0.0014558100581507133,0.16336747535211052
1312,0.001454155651815021,0.16336747534610263
1313,0.001452503989799463,0.16336747534016977
1314,0.001450855065783768,0.1633674753343111
1315,0.001449208873466693,0.1633674753285257
1316,0.0014475654065658685,0.1633674753228126
1317,0.001445924658817828,0.16336747531717097
1318,0.0014442866239777936,0.1633674753115998
1319,0.0014426512958197449,0.16336747530609833
1320,0.0014410186681362708,0.16336747530066567
1321,0.001439388734738526,0.16336747529530085
1322,0.0014377614894561545,0.1633674752900032
1323,0.001436136926137227,0.16336747528477172
1324,0.0014345150386481757,0.16336747527960563
1325,0.001432895820873695,0.16336747527450415
1326,0.0014312792667167328,0.1633674752694664
1327,0.0014296653700983806,0.1633674752644917
1328,0.0014280541249577902,0.16336747525957918
1329,0.0014264455252521915,0.16336747525472806
1330,0.001424839564956677,0.1633674752499376
1331,0.0014232362380643233,0.16336747524520703
1332,0.0014216355385859628,0.16336747524053555
1333,0.0014200374605502141,0.16336747523592254
1334,0.001418441998003368,0.1633674752313672
1335,0.001416849145009332,0.16336747522686879
1336,0.0014152588956496297,0.16336747522242662
1337,0.0014136712440232049,0.16336747521803993
1338,0.001412086184246475,0.16336747521370815
1339,0.0014105037104532345,0.16336747520943048
1340,0.0014089238167945453,0.16336747520520634
1341,0.001407346497438752,0.16336747520103495
1342,0.0014057717465713344,0.16336747519691575
1343,0.0014041995583949313,0.16336747519284806
1344,0.0014026299271292057,0.16336747518883116
1345,0.00140106284701082,0.16336747518486452
1346,0.0013994983122933762,0.16336747518094746
1347,0.0013979363172472931,0.16336747517707936
1348,0.0013963768561598808,0.16336747517325964
1349,0.0013948199233351274,0.16336747516948769
1350,0.0013932655130937117,0.16336747516576286
1351,0.0013917136197729827,0.1633674751620846
1352,0.001390164237726791,0.1633674751584523
1353,0.0013886173613255166,0.16336747515486547
1354,0.001387072984956002,0.16336747515132344
1355,0.001385531103021448,0.16336747514782568
1356,0.0013839917099413791,0.16336747514437167
1357,0.0013824548001516047,0.1633674751409608
1358,0.0013809203681040979,0.16336747513759262
1359,0.0013793884082670446,0.16336747513426653
1360,0.0013778589151246749,0.16336747513098204
1361,0.0013763318831772685,0.16336747512773858
1362,0.0013748073069410572,0.1633674751245357
1363,0.001373285180948217,0.16336747512137278
1364,0.0013717654997467592,0.16336747511824945
1365,0.0013702482579005155,0.1633674751151652
1366,0.0013687334499890567,0.1633674751121195
1367,0.0013672210706076322,0.16336747510911181
1368,0.0013657111143671333,0.1633674751061418
1369,0.0013642035758940603,0.16336747510320887
1370,0.0013626984498303558,0.16336747510031263
1371,0.0013611957308334959,0.16336747509745256
1372,0.00135969541357634,0.1633674750946283
1373,0.0013581974927471027,0.1633674750918393
1374,0.0013567019630493034,0.1633674750890852
1375,0.0013552088192017248,0.16336747508636548
1376,0.0013537180559382864,0.16336747508367977
1377,0.0013522296680081036,0.16336747508102772
1378,0.0013507436501753382,0.1633674750784087
1379,0.0013492599972191926,0.1633674750758225
1380,0.0013477787039338546,0.16336747507326863
1381,0.0013462997651284057,0.16336747507074662
1382,0.0013448231756268284,0.1633674750682562
1383,0.0013433489302679192,0.16336747506579685
1384,0.001341877023905205,0.16336747506336827
1385,0.001340407451406953,0.1633674750609701
1386,0.0013389402076560886,0.16336747505860186
1387,0.0013374752875501585,0.16336747505626323
1388,0.0013360126860012002,0.16336747505395385
1389,0.0013345523979358673,0.16336747505167334
1390,0.001333094418295153,0.16336747504942137
1391,0.001331638742034509,0.16336747504719748
1392,0.0013301853641237424,0.16336747504500143
1393,0.0013287342795469392,0.16336747504283286
1394,0.0013272854833024557,0.16336747504069135
1395,0.0013258389704028412,0.16336747503857665
1396,0.0013243947358747765,0.16336747503648832
1397,0.0013229527747590881,0.16336747503442617
1398,0.001321513082110599,0.16336747503238977
1399,0.0013200756529981718,0.1633674750303788
1400,0.001318640482504589,0.163367475028393
1401,0.0013172075657265894,0.16336747502643204
1402,0.0013157768977747222,0.16336747502449556
1403,0.0013143484737733499,0.16336747502258325
1404,0.0013129222888605997,0.1633674750206949
1405,0.0013114983381883208,0.16336747501883014
1406,0.001310076616921989,0.16336747501698873
1407,0.001308657120240739,0.1633674750151703
1408,0.0013072398433372203,0.1633674750133746
1409,0.0013058247814176623,0.16336747501160137
1410,0.001304411929701733,0.16336747500985027
1411,0.0013030012834225116,0.16336747500812107
1412,0.0013015928378264773,0.1633674750064135
1413,0.0013001865881734438,0.1633674750047273
1414,0.0012987825297365047,0.16336747500306217
1415,0.0012973806578019992,0.16336747500141782
1416,0.0012959809676694432,0.16336747499979404
1417,0.0012945834546515232,0.16336747499819054
1418,0.0012931881140740076,0.16336747499660711
1419,0.0012917949412757275,0.16336747499504348
1420,0.0012904039316085302,0.16336747499349943
1421,0.0012890150804372531,0.1633674749919746
1422,0.0012876283831396117,0.16336747499046889
1423,0.0012862438351062071,0.16336747498898194
1424,0.0012848614317405242,0.1633674749875136
1425,0.0012834811684587582,0.16336747498606366
1426,0.00128210304068991,0.16336747498463178
1427,0.0012807270438756583,0.16336747498321788
1428,0.0012793531734703386,0.16336747498182164
1429,0.001277981424940904,0.1633674749804428
1430,0.0012766117937668695,0.16336747497908122
1431,0.0012752442754402993,0.16336747497773663
1432,0.0012738788654657104,0.1633674749764089
1433,0.0012725155593600731,0.1633674749750977
1434,0.0012711543526527805,0.16336747497380294
1435,0.001269795240885533,0.16336747497252438
1436,0.0012684382196124107,0.16336747497126183
1437,0.0012670832843996967,0.163367474970015
1438,0.0012657304308259308,0.16336747496878376
1439,0.0012643796544818677,0.16336747496756795
1440,0.0012630309509703576,0.16336747496636728
1441,0.001261684315906401,0.16336747496518159
1442,0.00126033974491704,0.16336747496401086
1443,0.0012589972336413493,0.16336747496285467
1444,0.001257656777730364,0.16336747496171292
1445,0.0012563183728470774,0.16336747496058548
1446,0.0012549820146663712,0.16336747495947213
1447,0.0012536476988750233,0.16336747495837264
1448,0.001252315421171579,0.16336747495728696
1449,0.0012509851772663904,0.1633674749562149
1450,0.001249656962881546,0.16336747495515616
1451,0.0012483307737508381,0.16336747495411066
1452,0.0012470066056197075,0.1633674749530782
1453,0.0012456844542452115,0.16336747495205872
1454,0.001244364315396013,0.16336747495105197
1455,0.001243046184852304,0.1633674749500578
1456,0.0012417300584057678,0.16336747494907602
1457,0.001240415931859563,0.16336747494810655
1458,0.001239103801028279,0.16336747494714912
1459,0.0012377936617378738,0.16336747494620374
1460,0.0012364855098256679,0.16336747494527018
1461,0.0012351793411402867,0.16336747494434825
1462,0.0012338751515416357,0.16336747494343787
1463,0.001232572936900856,0.16336747494253884
1464,0.0012312726931002636,0.16336747494165108
1465,0.001229974416033364,0.16336747494077442
1466,0.0012286781016047437,0.1633674749399087
1467,0.0012273837457301285,0.16336747493905376
1468,0.0012260913443362456,0.16336747493820958
1469,0.0012248008933608446,0.16336747493737597
1470,0.0012235123887526613,0.1633674749365527
1471,0.0012222258264713434,0.16336747493573975
1472,0.0012209412024874822,0.16336747493493697
1473,0.001219658512782473,0.1633674749341442
1474,0.0012183777533485707,0.16336747493336137
1475,0.0012170989201888388,0.16336747493258832
1476,0.0012158220093170535,0.16336747493182494
1477,0.0012145470167577493,0.16336747493107107
1478,0.0012132739385461212,0.16336747493032672
1479,0.0012120027707280324,0.16336747492959156
1480,0.0012107335093599237,0.16336747492886558
1481,0.0012094661505088458,0.16336747492814874
1482,0.0012082006902523889,0.1633674749274409
1483,0.0012069371246786276,0.1633674749267418
1484,0.0012056754498861318,0.1633674749260515
1485,0.0012044156619839047,0.1633674749253698
1486,0.0012031577570913328,0.16336747492469667
1487,0.0012019017313382088,0.1633674749240319
1488,0.0012006475808646157,0.16336747492337547
1489,0.0011993953018209673,0.16336747492272727
1490,0.00119814489036795,0.16336747492208714
1491,0.0011968963426764617,0.163367474921455
1492,0.0011956496549275905,0.16336747492083076
1493,0.0011944048233125985,0.16336747492021436
1494,0.0011931618440329213,0.1633674749196056
1495,0.0011919207133000188,0.16336747491900452
1496,0.0011906814273354716,0.16336747491841094
1497,0.0011894439823708677,0.16336747491782475
1498,0.0011882083746477849,0.16336747491724593
1499,0.0011869746004177972,0.1633674749166743
1500,0.0011857426559423964,0.16336747491610984
1501,0.001184512537492967,0.16336747491555242
1502,0.001183284241350763,0.16336747491500195
1503,0.0011820577638068925,0.1633674749144584
1504,0.0011808331011622423,0.16336747491392165
1505,0.0011796102497274794,0.1633674749133916
1506,0.001178389205823028,0.16336747491286813
1507,0.0011771699657789775,0.1633674749123513
1508,0.0011759525259351542,0.16336747491184084
1509,0.001174736882640972,0.16336747491133677
1510,0.0011735230322554957,0.16336747491083903
1511,0.0011723109711473249,0.1633674749103475
1512,0.0011711006956946675,0.16336747490986214
1513,0.0011698922022852342,0.1633674749093828
1514,0.0011686854873161985,0.1633674749089095
1515,0.0011674805471942025,0.1633674749084421
1516,0.001166277378335328,0.16336747490798048
1517,0.001165075977165038,0.16336747490752473
1518,0.0011638763401181716,0.16336747490707462
1519,0.0011626784636388995,0.16336747490663014
1520,0.0011614823441806843,0.16336747490619125
1521,0.0011602879782062919,0.16336747490575784
1522,0.001159095362187716,0.16336747490532977
1523,0.0011579044926061312,0.1633674749049071
1524,0.0011567153659519812,0.16336747490448975
1525,0.0011555279787247936,0.1633674749040776
1526,0.0011543423274332485,0.16336747490367057
1527,0.0011531584085951092,0.16336747490326864
1528,0.0011519762187372114,0.1633674749028718
1529,0.001150795754395452,0.16336747490247985
1530,0.0011496170121146794,0.1633674749020928
1531,0.0011484399884487992,0.16336747490171055
1532,0.0011472646799606065,0.16336747490133313
1533,0.0011460910832218423,0.16336747490096046
1534,0.0011449191948131366,0.1633674749005924
1535,0.001143749011323984,0.16336747490022893
1536,0.001142580529352727,0.16336747489987002
1537,0.0011414137455064892,0.16336747489951564
1538,0.001140248656401198,0.16336747489916567
1539,0.001139085258661524,0.16336747489882003
1540,0.001137923548920885,0.16336747489847872
1541,0.001136763523821334,0.1633674748981417
1542,0.0011356051800136598,0.16336747489780887
1543,0.0011344485141572371,0.16336747489748027
1544,0.0011332935229201,0.16336747489715567
1545,0.0011321402029788315,0.16336747489683517
1546,0.0011309885510186093,0.1633674748965187
1547,0.0011298385637330778,0.16336747489620618
1548,0.0011286902378244655,0.16336747489589754
1549,0.0011275435700034283,0.1633674748955928
1550,0.0011263985569890823,0.16336747489529185
1551,0.001125255195508945,0.16336747489499465
1552,0.0011241134822989583,0.1633674748947012
1553,0.001122973414103442,0.16336747489441136
1554,0.0011218349876750164,0.16336747489412518
1555,0.0011206981997746665,0.16336747489384254
1556,0.0011195630471716267,0.1633674748935635
1557,0.0011184295266434194,0.1633674748932879
1558,0.0011172976349757776,0.16336747489301576
1559,0.0011161673689626822,0.163367474892747
1560,0.001115038725406287,0.16336747489248163
1561,0.0011139117011168716,0.16336747489221956
1562,0.0011127862929129124,0.16336747489196077
1563,0.0011116624976209293,0.16336747489170522
1564,0.0011105403120755769,0.16336747489145284
1565,0.0011094197331195147,0.1633674748912036
1566,0.0011083007576034904,0.16336747489095757
1567,0.0011071833823862096,0.16336747489071454
1568,0.0011060676043343958,0.16336747489047454
1569,0.001104953420322709,0.1633674748902376
1570,0.0011038408272337373,0.16336747489000356
1571,0.0011027298219579886,0.1633674748897725
1572,0.001101620401393834,0.16336747488954426
1573,0.0011005125624475324,0.16336747488931894
1574,0.0010994063020331414,0.1633674748890964
1575,0.0010983016170725303,0.16336747488887665
1576,0.0010971985044953684,0.16336747488865963
1577,0.0010960969612390816,0.1633674748884453
1578,0.001094996984248817,0.1633674748882337
1579,0.0010938985704774503,0.16336747488802472
1580,0.0010928017168855188,0.16336747488781841
1581,0.0010917064204412253,0.16336747488761458
1582,0.0010906126781204562,0.16336747488741335
1583,0.001089520486906642,0.16336747488721465
1584,0.0010884298437908585,0.16336747488701842
1585,0.001087340745771731,0.16336747488682463
1586,0.0010862531898554115,0.16336747488663328
1587,0.001085167173055606,0.16336747488644432
1588,0.0010840826923934638,0.16336747488625775
1589,0.0010829997448976879,0.16336747488607345
1590,0.001081918327604358,0.16336747488589148
1591,0.0010808384375570218,0.1633674748857118
1592,0.001079760071806603,0.16336747488553435
1593,0.001078683227411431,0.1633674748853591
1594,0.0010776079014371785,0.16336747488518605
1595,0.0010765340909568808,0.16336747488501518
1596,0.0010754617930508379,0.16336747488484646
1597,0.0010743910048066803,0.16336747488467976
1598,0.0010733217233193035,0.16336747488451528
1599,0.0010722539456908132,0.1633674748843528
1600,0.0010711876690305813,0.16336747488419232
1601,0.001070122890455165,0.16336747488403383
1602,0.0010690596070882692,0.1633674748838774
1603,0.0010679978160608235,0.16336747488372283
1604,0.0010669375145108135,0.16336747488357029
1605,0.0010658786995834094,0.1633674748834196
1606,0.0010648213684308163,0.16336747488327083
1607,0.0010637655182123228,0.16336747488312386
1608,0.001062711146094287,0.16336747488297876
1609,0.0010616582492500696,0.16336747488283546
1610,0.001060606824860052,0.16336747488269399
1611,0.0010595568701115775,0.16336747488255426
1612,0.0010585083821989787,0.16336747488241624
1613,0.001057461358323479,0.16336747488228
1614,0.0010564157956932888,0.16336747488214548
1615,0.001055371691523444,0.16336747488201261
1616,0.0010543290430359276,0.16336747488188139
1617,0.0010532878474595114,0.16336747488175182
1618,0.0010522481020298574,0.16336747488162387
1619,0.0010512098039894,0.16336747488149753
1620,0.0010501729505873938,0.16336747488137274
1621,0.0010491375390798414,0.16336747488124953
1622,0.00104810356672951,0.16336747488112785
1623,0.0010470710308059248,0.16336747488100772
1624,0.0010460399285852687,0.16336747488088904
1625,0.0010450102573504349,0.16336747488077188
1626,0.0010439820143910029,0.1633674748806562
1627,0.0010429551970032075,0.1633674748805419
1628,0.0010419298024898608,0.16336747488042908
1629,0.0010409058281604375,0.16336747488031772
1630,0.001039883271330991,0.16336747488020764
1631,0.0010388621293241215,0.163367474880099
1632,0.0010378423994690021,0.16336747487999165
1633,0.0010368240791013262,0.1633674748798858
1634,0.0010358071655632755,0.16336747487978112
1635,0.0010347916562035756,0.16336747487967784
1636,0.001033777548377367,0.1633674748795758
1637,0.0010327648394462868,0.16336747487947503
1638,0.0010317535267783623,0.16336747487937558
1639,0.0010307436077480632,0.16336747487927733
1640,0.0010297350797362288,0.1633674748791803
1641,0.0010287279401301017,0.16336747487908446
1642,0.0010277221863232416,0.16336747487898984
1643,0.0010267178157155824,0.16336747487889644
1644,0.001025714825713333,0.16336747487880418
1645,0.0010247132137290358,0.16336747487871306
1646,0.0010237129771815013,0.1633674748786231
1647,0.0010227141134957953,0.16336747487853423
1648,0.0010217166201032166,0.16336747487844647
1649,0.0010207204944412825,0.16336747487835984
1650,0.0010197257339537638,0.16336747487827435
1651,0.0010187323360905348,0.1633674748781898
1652,0.0010177402983076993,0.1633674748781064
1653,0.0010167496180674928,0.16336747487802403
1654,0.0010157602928382835,0.16336747487794268
1655,0.001014772320094516,0.16336747487786235
1656,0.0010137856973167782,0.16336747487778297
1657,0.0010128004219917166,0.16336747487770467
1658,0.0010118164916119912,0.1633674748776273
1659,0.001010833903676374,0.16336747487755085
1660,0.0010098526556895982,0.16336747487747547
1661,0.0010088727451624472,0.16336747487740094
1662,0.0010078941696116592,0.16336747487732736
1663,0.0010069169265599152,0.16336747487725473
1664,0.0010059410135359172,0.163367474877183
1665,0.0010049664280742288,0.16336747487711215
1666,0.001003993167715378,0.1633674748770422
1667,0.0010030212300057495,0.16336747487697312
1668,0.0010020506124976364,0.16336747487690484
1669,0.0010010813127491697,0.1633674748768375
1670,0.0010001133283243646,0.16336747487677097
1671,0.0009991466567930087,0.1633674748767053
1672,0.0009981812957307388,0.16336747487664038
1673,0.0009972172427189648,0.16336747487657632
1674,0.0009962544953448986,0.16336747487651304
1675,0.0009952930512014831,0.1633674748764506
1676,0.0009943329078873954,0.16336747487638892
1677,0.0009933740630070848,0.163367474876328
1678,0.0009924165141706467,0.16336747487626788
1679,0.000991460258993913,0.16336747487620845
1680,0.0009905052950983791,0.16336747487614978
1681,0.0009895516201111824,0.16336747487609182
1682,0.000988599231665122,0.16336747487603465
1683,0.000987648127398606,0.16336747487597814
1684,0.0009866983049556604,0.16336747487592237
1685,0.00098574976198588,0.16336747487586722
1686,0.0009848024961444791,0.1633674748758129
1687,0.0009838565050921833,0.16336747487575914
1688,0.0009829117864952946,0.16336747487570616
1689,0.0009819683380255999,0.16336747487565376
1690,0.0009810261573604633,0.163367474875602
1691,0.0009800852421826857,0.16336747487555092
1692,0.000979145590180561,0.16336747487550046
1693,0.0009782071990478353,0.16336747487545064
1694,0.0009772700664837282,0.16336747487540146
1695,0.0009763341901928665,0.16336747487535289
1696,0.0009753995678852911,0.16336747487530492
1697,0.0009744661972764484,0.16336747487525755
1698,0.000973534076087173,0.16336747487521075
1699,0.0009726032020436553,0.1633674748751646
1700,0.0009716735728774465,0.16336747487511893
1701,0.0009707451863254161,0.16336747487507391
1702,0.0009698180401297675,0.16336747487502945
1703,0.0009688921320380223,0.1633674748749855
1704,0.0009679674598029552,0.16336747487494213
1705,0.0009670440211826463,0.16336747487489933
1706,0.0009661218139404109,0.16336747487485698
1707,0.0009652008358448343,0.16336747487481526
1708,0.0009642810846697152,0.16336747487477396
1709,0.000963362558194062,0.16336747487473322
1710,0.0009624452542020676,0.163367474874693
1711,0.0009615291704831563,0.1633674748746533
1712,0.0009606143048318676,0.16336747487461406
1713,0.0009597006550479117,0.1633674748745753
1714,0.0009587882189361679,0.1633674748745371
1715,0.0009578769943065844,0.1633674748744993
1716,0.000956966978974266,0.163367474874462
1717,0.0009560581707593699,0.16336747487442516
1718,0.0009551505674871535,0.1633674748743888
1719,0.000954244166987948,0.16336747487435282
1720,0.0009533389670971312,0.1633674748743174
1721,0.0009524349656551065,0.1633674748742824
1722,0.0009515321605072871,0.16336747487424777
1723,0.0009506305495041211,0.16336747487421363
1724,0.0009497301305010271,0.1633674748741799
1725,0.0009488309013584083,0.16336747487414657
1726,0.0009479328599416522,0.16336747487411368
1727,0.0009470360041210438,0.1633674748740812
1728,0.000946140331771858,0.16336747487404915
1729,0.0009452458407742581,0.16336747487401743
1730,0.0009443525290133288,0.1633674748739862
1731,0.0009434603943790339,0.1633674748739553
1732,0.00094256943476624,0.16336747487392475
1733,0.0009416796480746478,0.1633674748738947
1734,0.0009407910322088501,0.1633674748738649
1735,0.0009399035850782304,0.16336747487383557
1736,0.0009390173045970122,0.16336747487380657
1737,0.000938132188684237,0.16336747487377792
1738,0.0009372482352637624,0.16336747487374964
1739,0.0009363654422641784,0.1633674748737217
1740,0.0009354838076188817,0.16336747487369416
1741,0.0009346033292660068,0.1633674748736669
1742,0.000933724005148434,0.16336747487363998
1743,0.0009328458332137844,0.1633674748736134
1744,0.0009319688114143741,0.1633674748735872
1745,0.0009310929377072311,0.1633674748735613
1746,0.0009302182100540763,0.16336747487353573
1747,0.0009293446264212758,0.16336747487351047
1748,0.0009284721847799164,0.16336747487348552
1749,0.0009276008831056588,0.16336747487346093
1750,0.0009267307193788619,0.16336747487343656
1751,0.0009258616915844698,0.16336747487341255
1752,0.0009249937977120503,0.16336747487338882
1753,0.0009241270357557787,0.1633674748733654
1754,0.0009232614037143649,0.16336747487334227
1755,0.000922396899591154,0.1633674748733194
1756,0.0009215335213940066,0.16336747487329686
1757,0.000920671267135334,0.16336747487327466
1758,0.0009198101348320804,0.16336747487325262
1759,0.0009189501225057139,0.1633674748732309
1760,0.0009180912281822178,0.16336747487320946
1761,0.0009172334498920428,0.16336747487318828
1762,0.0009163767856701298,0.16336747487316736
1763,0.0009155212335559107,0.1633674748731467
1764,0.0009146667915932417,0.1633674748731263
1765,0.0009138134578304328,0.16336747487310613
1766,0.0009129612303202289,0.1633674748730863
1767,0.0009121101071197947,0.16336747487306663
1768,0.0009112600862906952,0.16336747487304726
1769,0.0009104111658988875,0.1633674748730281
1770,0.0009095633440147122,0.1633674748730092
1771,0.0009087166187128906,0.16336747487299053
1772,0.0009078709880724749,0.16336747487297207
1773,0.0009070264501768745,0.1633674748729539
1774,0.0009061830031138519,0.16336747487293587
1775,0.0009053406449754495,0.16336747487291814
1776,0.0009044993738580486,0.16336747487290054
1777,0.0009036591878623229,0.16336747487288325
1778,0.0009028200850932093,0.16336747487286615
1779,0.0009019820636599463,0.16336747487284925
1780,0.0009011451216760084,0.16336747487283257
1781,0.0009003092572591211,0.16336747487281614
1782,0.0008994744685312927,0.16336747487279984
1783,0.0008986407536186757,0.16336747487278377
1784,0.0008978081106517128,0.16336747487276793
1785,0.0008969765377649868,0.16336747487275224
1786,0.0008961460330972914,0.16336747487273684
1787,0.0008953165947916429,0.16336747487272152
1788,0.0008944882209951481,0.16336747487270645
1789,0.0008936609098591277,0.1633674748726916
1790,0.0008928346595390226,0.16336747487267686
1791,0.0008920094681944019,0.16336747487266237
1792,0.0008911853339889668,0.163367474872648
1793,0.0008903622550904957,0.16336747487263387
1794,0.0008895402296709391,0.16336747487261985
1795,0.0008887192559062508,0.16336747487260606
1796,0.0008878993319765044,0.16336747487259237
1797,0.0008870804560658478,0.16336747487257894
1798,0.0008862626263624367,0.16336747487256564
1799,0.000885445841058502,0.1633674748725525
1800,0.0008846300983502997,0.16336747487253953
1801,0.0008838153964381149,0.1633674748725267
1802,0.0008830017335262172,0.16336747487251407
1803,0.0008821891078228841,0.16336747487250158
1804,0.0008813775175403951,0.1633674748724893
1805,0.0008805669608949788,0.16336747487247713
1806,0.0008797574361068361,0.16336747487246506
1807,0.0008789489414001478,0.1633674748724532
1808,0.0008781414750030008,0.1633674748724415
1809,0.0008773350351474433,0.16336747487242986
1810,0.000876529620069409,0.16336747487241843
1811,0.0008757252280087917,0.1633674748724072
1812,0.0008749218572093307,0.163367474872396
1813,0.000874119505918696,0.16336747487238498
1814,0.0008733181723884184,0.1633674748723741
1815,0.0008725178548739014,0.16336747487236342
1816,0.0008717185516344043,0.16336747487235279
1817,0.0008709202609330292,0.1633674748723423
1818,0.0008701229810367237,0.16336747487233197
1819,0.0008693267102162519,0.16336747487232176
1820,0.0008685314467461932,0.16336747487231165
1821,0.0008677371889049478,0.16336747487230172
1822,0.0008669439349746979,0.16336747487229186
1823,0.0008661516832414031,0.16336747487228215
1824,0.0008653604319947977,0.16336747487227263
1825,0.0008645701795284009,0.16336747487226314
1826,0.0008637809241394682,0.16336747487225373
1827,0.0008629926641290024,0.16336747487224454
1828,0.0008622053978017294,0.16336747487223544
1829,0.0008614191234661287,0.1633674748722264
1830,0.0008606338394343521,0.16336747487221753
1831,0.0008598495440222975,0.16336747487220873
1832,0.0008590662355494978,0.16336747487220005
1833,0.0008582839123392391,0.1633674748721915
1834,0.0008575025727184224,0.16336747487218303
1835,0.0008567222150176427,0.1633674748721747
1836,0.0008559428375711329,0.1633674748721664
1837,0.0008551644387167806,0.1633674748721583
1838,0.000854387016796111,0.16336747487215025
1839,0.000853610570154258,0.16336747487214232
1840,0.0008528350971399602,0.16336747487213446
1841,0.0008520605961055954,0.16336747487212672
1842,0.0008512870654071089,0.16336747487211908
1843,0.0008505145034040393,0.16336747487211153
1844,0.000849742908459496,0.1633674748721041
1845,0.000848972278940155,0.16336747487209674
1846,0.000848202613216259,0.16336747487208944
1847,0.0008474339096615843,0.16336747487208225
1848,0.0008466661666534398,0.16336747487207517
1849,0.0008458993825726797,0.1633674748720682
1850,0.0008451335558036443,0.16336747487206127
1851,0.0008443686847342312,0.16336747487205444
1852,0.0008436047677557976,0.16336747487204767
1853,0.0008428418032632113,0.163367474872041
1854,0.0008420797896547939,0.16336747487203448
1855,0.0008413187253323792,0.16336747487202796
1856,0.0008405586087012146,0.16336747487202158
1857,0.0008397994381700333,0.16336747487201522
1858,0.0008390412121510055,0.16336747487200895
1859,0.0008382839290597322,0.16336747487200282
1860,0.0008375275873152329,0.1633674748719967
1861,0.0008367721853399685,0.1633674748719907
1862,0.0008360177215597616,0.16336747487198472
1863,0.000835264194403883,0.16336747487197883
1864,0.000834511602304952,0.16336747487197306
1865,0.00083375994369899,0.16336747487196732
1866,0.0008330092170253717,0.16336747487196165
1867,0.0008322594207268518,0.1633674748719561
1868,0.0008315105532495328,0.16336747487195058
1869,0.0008307626130428439,0.16336747487194514
1870,0.0008300155985595702,0.16336747487193976
1871,0.000829269508255827,0.16336747487193445
1872,0.0008285243405910138,0.16336747487192924
1873,0.0008277800940278698,0.16336747487192402
1874,0.0008270367670324141,0.16336747487191894
1875,0.0008262943580739793,0.16336747487191386
1876,0.0008255528656251515,0.1633674748719089
1877,0.0008248122881618236,0.16336747487190392
1878,0.0008240726241631199,0.1633674748718991
1879,0.0008233338721114481,0.16336747487189426
1880,0.0008225960304924342,0.16336747487188955
1881,0.00082185909779498,0.16336747487188488
1882,0.0008211230725111774,0.16336747487188022
1883,0.0008203879531363776,0.1633674748718757
1884,0.0008196537381691217,0.16336747487187117
1885,0.00081892042611116,0.16336747487186673
1886,0.0008181880154674402,0.16336747487186234
1887,0.0008174565047461148,0.163367474871858
1888,0.0008167258924584752,0.16336747487185369
1889,0.0008159961771190312,0.16336747487184947
1890,0.0008152673572454274,0.16336747487184528
1891,0.0008145394313584612,0.16336747487184117
1892,0.0008138123979820968,0.16336747487183712
1893,0.0008130862556434239,0.16336747487183306
1894,0.000812361002872661,0.1633674748718291
1895,0.0008116366382031336,0.16336747487182515
1896,0.0008109131601713267,0.1633674748718213
1897,0.0008101905673167846,0.16336747487181744
1898,0.0008094688581821559,0.16336747487181366
1899,0.0008087480313132158,0.16336747487180997
1900,0.0008080280852587841,0.16336747487180625
1901,0.0008073090185707377,0.16336747487180261
1902,0.000806590829804059,0.16336747487179903
1903,0.0008058735175167882,0.16336747487179548
1904,0.0008051570802699809,0.16336747487179193
1905,0.0008044415166277466,0.16336747487178852
1906,0.0008037268251572388,0.16336747487178507
1907,0.000803013004428629,0.1633674748717817
1908,0.0008023000530151014,0.16336747487177838
1909,0.0008015879694928682,0.16336747487177505
1910,0.0008008767524411109,0.1633674748717718
1911,0.0008001664004420448,0.16336747487176864
1912,0.0007994569120808408,0.16336747487176542
1913,0.0007987482859456533,0.16336747487176229
1914,0.0007980405206276197,0.1633674748717592
1915,0.0007973336147208133,0.16336747487175618
1916,0.0007966275668223181,0.16336747487175315
1917,0.0007959223755320905,0.16336747487175018
1918,0.0007952180394530826,0.16336747487174724
1919,0.0007945145571911734,0.16336747487174438
1920,0.000793811927355121,0.1633674748717415
1921,0.0007931101485566751,0.16336747487173867
1922,0.0007924092194104266,0.16336747487173583
1923,0.0007917091385339053,0.1633674748717331
1924,0.0007910099045475308,0.16336747487173037
1925,0.0007903115160746034,0.16336747487172765
1926,0.000789613971741275,0.16336747487172498
1927,0.0007889172701766415,0.16336747487172235
1928,0.0007882214100126081,0.16336747487171982
1929,0.0007875263898839434,0.16336747487171724
1930,0.000786832208428291,0.1633674748717147
1931,0.0007861388642860954,0.1633674748717122
1932,0.000785446356100678,0.16336747487170974
1933,0.0007847546825181668,0.16336747487170727
1934,0.0007840638421875194,0.1633674748717049
1935,0.0007833738337604905,0.1633674748717025
1936,0.0007826846558916695,0.16336747487170017
1937,0.0007819963072384192,0.16336747487169784
1938,0.0007813087864609053,0.1633674748716956
1939,0.0007806220922220765,0.1633674748716933
1940,0.0007799362231876683,0.1633674748716911
1941,0.0007792511780261621,0.1633674748716889
1942,0.0007785669554088367,0.16336747487168668
1943,0.0007778835540097058,0.16336747487168457
1944,0.0007772009725055164,0.1633674748716824
1945,0.0007765192095757982,0.16336747487168035
1946,0.0007758382639027906,0.16336747487167824
1947,0.0007751581341714709,0.16336747487167622
1948,0.0007744788190695212,0.16336747487167425
1949,0.0007738003172873618,0.1633674748716722
1950,0.0007731226275181063,0.1633674748716703
1951,0.0007724457484575655,0.16336747487166833
1952,0.0007717696788042541,0.16336747487166645
1953,0.0007710944172593707,0.1633674748716645
1954,0.0007704199625267845,0.16336747487166262
1955,0.0007697463133130591,0.16336747487166078
1956,0.0007690734683274026,0.16336747487165898
1957,0.0007684014262816871,0.16336747487165718
1958,0.0007677301858904602,0.1633674748716554
1959,0.0007670597458708773,0.16336747487165368
1960,0.0007663901049427556,0.16336747487165193
1961,0.0007657212618285412,0.16336747487165024
1962,0.0007650532152533376,0.16336747487164852
1963,0.0007643859639447987,0.16336747487164685
1964,0.0007637195066332459,0.16336747487164519
1965,0.0007630538420516013,0.16336747487164358
1966,0.0007623889689353614,0.16336747487164194
1967,0.0007617248860226327,0.16336747487164036
1968,0.000761061592054118,0.1633674748716388
1969,0.0007603990857730623,0.16336747487163727
1970,0.0007597373659253375,0.16336747487163572
1971,0.0007590764312593425,0.16336747487163425
1972,0.000758416280526039,0.16336747487163272
1973,0.0007577569124789721,0.16336747487163122
1974,0.0007570983258742009,0.1633674748716298
1975,0.000756440519470349,0.16336747487162837
1976,0.0007557834920285561,0.16336747487162692
1977,0.0007551272423124973,0.16336747487162553
1978,0.0007544717690883811,0.16336747487162417
1979,0.0007538170711249173,0.16336747487162276
1980,0.0007531631471933275,0.16336747487162143
1981,0.0007525099960673352,0.1633674748716201
1982,0.0007518576165231702,0.16336747487161885
1983,0.0007512060073395444,0.16336747487161754
1984,0.0007505551672976506,0.16336747487161624
1985,0.0007499050951811733,0.163367474871615
1986,0.0007492557897762552,0.16336747487161374
1987,0.0007486072498715008,0.16336747487161246
1988,0.0007479594742580029,0.16336747487161127
1989,0.000747312461729279,0.16336747487161005
1990,0.0007466662110812832,0.1633674748716089
1991,0.0007460207211124571,0.16336747487160772
1992,0.0007453759906236215,0.16336747487160655
1993,0.0007447320184180838,0.16336747487160538
1994,0.0007440888033015287,0.16336747487160427
1995,0.0007434463440820621,0.16336747487160314
1996,0.0007428046395702278,0.16336747487160205
1997,0.0007421636885789504,0.16336747487160097
1998,0.0007415234899235555,0.1633674748715999
1999,0.0007408840424217868,0.16336747487159878
